{"stat.useItem.minecraft.bow":19,"stat.mineBlock.matteroverdrive.tritanium_ore":7,"stat.pickup.draconicevolution.draconium_dust":30,"stat.leaveGame":4,"darkling.kill":1,"spectre.learn":1,"stat.mineBlock.minecraft.stained_glass":3,"djinn.learn":1,"stat.entityKilledBy.techguns.ZombieFarmer":7,"stat.mineBlock.minecraft.web":11,"stat.useItem.chisel.concrete_white":1,"stat.killEntity.primitivemobs.skeleton_warrior":27,"stat.craftItem.techguns.t1_miner_chestplate":1,"stat.pickup.minecraft.rotten_flesh":48,"stat.entityKilledBy.primitivemobs.rocket_creeper":2,"stat.pickup.iceandfire.witherbone":5,"stat.pickup.enderio.item_broken_spawner":23,"eechetik.kill":1,"stat.pickup.biomesoplenty.mushroom":1,"stat.pickup.minecraft.brown_mushroom":1,"stat.useItem.minecraft.iron_pickaxe":119,"stat.pickup.minecraft.double_plant":1,"stat.pickup.minecraft.firework_charge":1,"stat.mineBlock.minecraft.vine":1,"stat.pickup.thermalfoundation.material":26,"banshee.kill":2,"stat.furnaceInteraction":37,"xaphan.kill":2,"stat.craftItem.extrautils2.decorativesolidwood":2,"stat.pickup.chisel.concrete_white1":45,"stat.pickup.minecraft.beef":1,"stat.pickup.minecraft.leather_helmet":1,"stat.pickup.biomesoplenty.flower_1":1,"stat.craftItem.shadowmobs.chupacabrameatcooked":24,"stat.pickup.minecraft.emerald":5,"stat.pickup.dynamictrees.oakseed":46,"stat.deaths":44,"stat.killEntity.primitivemobs.rocket_creeper":1,"geist.learn":1,"stat.craftItem.immersiveengineering.metal":9,"stat.pickup.immersiveengineering.stone_decoration_stairs_concrete_tile":5,"stat.pickup.tconstruct.seared":1,"stat.chestOpened":359,"stat.useItem.minecraft.stone":6,"stat.pickup.minecraft.arrow":47,"afrit.learn":2,"geist.kill":2,"stat.crouchOneCm":26580,"stat.pickup.minecraft.rail":21,"stat.mineBlock.minecraft.chest":13,"stat.craftItem.minecraft.iron_ingot":54,"stat.pickup.chisel.concrete_gray1":163,"stat.craftItem.tconstruct.pattern":19,"stat.useItem.tconstruct.longsword":18,"stat.mineBlock.biomesoplenty.plant_1":3,"stat.mineBlock.biomesoplenty.plant_0":3,"stat.craftItem.draconicevolution.draconic_core":4,"stat.pickup.immersiveengineering.stone_decoration":15,"stat.pickup.minecraft.dye":42,"chupacabra.kill":13,"stat.pickup.biomesoplenty.plant_1":1,"stat.pickup.minecraft.wheat_seeds":60,"stat.pickup.techguns.t1_miner_chestplate":3,"stat.drop.minecraft.soul_sand":1,"stat.mineBlock.minecraft.glass":1,"stat.pickup.elementalmobs.geonachfist":2,"stat.pickup.darkutils.material":4,"stat.pickup.silentgems.soulgem":3,"stat.pickup.openblocks.technicolor_glasses":2,"djinn.kill":1,"stat.mineBlock.minecraft.dirt":4,"stat.pickup.tconstruct.pattern":1,"stat.useItem.minecraft.bread":3,"stat.killEntity.primitivemobs.bewitched_tome":4,"stat.useItem.minecraft.cobblestone":2,"stat.mineBlock.draconicevolution.draconium_ore":6,"stat.useItem.minecraft.gravel":125,"stat.useItem.dynamictrees.oakseed":28,"stat.pickup.minecraft.iron_pickaxe":1,"stat.useItem.tconstruct.pickaxe":464,"stat.pickup.modernmetals.boron_ore":1,"stat.craftItem.minecraft.gold_ingot":18,"stat.craftItem.draconicevolution.draconium_ingot":8,"stat.pickup.minecraft.apple":101,"stat.pickup.minecraft.coal_block":23,"stat.craftItem.minecraft.bucket":1,"stat.craftItem.minecraft.planks":76,"stat.pickup.fluxnetworks.flux":7,"stat.mineBlock.dungeonmobs.bladetrap":1,"stat.pickup.minecraft.book":40,"stat.mineBlock.minecraft.log":3,"stat.pickup.minecraft.iron_door":1,"stat.pickup.biomesoplenty.dirt":15,"stat.pickup.minecraft.red_flower":3,"stat.pickup.immersiveengineering.connector":7,"stat.mineBlock.modernmetals.thorium_ore":11,"stat.pickup.harvestcraft.epicbaconitem":1,"silex.learn":1,"stat.mineBlock.minecraft.cobblestone":1,"stat.useItem.tconstruct.mattock":44,"stat.pickup.minecraft.flint":27,"stat.mineBlock.minecraft.stained_glass_pane":3,"stat.pickup.immersiveengineering.metal_decoration0":3,"tremor.learn":2,"stat.pickup.immersiveengineering.metal_decoration1":11,"stat.pickup.immersiveengineering.metal_decoration2":2,"stat.pickup.harvestcraft.cornedbeefbreakfastitem":2,"stat.pickup.enderio.item_dark_steel_sword":1,"stat.pickup.minecraft.enchanted_book":4,"grue.learn":2,"stat.useItem.minecraft.cookie":1,"stat.useItem.minecraft.stone_slab2":64,"stat.pickup.minecraft.bow":3,"stat.pickup.minecraft.iron_boots":1,"stat.craftItem.rftools.storage_scanner":2,"stat.pickup.minecraft.stone_hoe":2,"stat.pickup.thermalfoundation.ore":53,"stat.pickup.chisel.concrete_lightgray1":24,"stat.craftItem.minecraft.iron_boots":1,"stat.pickup.quark.black_ash":13,"stat.craftItem.minecraft.bow":2,"stat.pickup.immersivepetroleum.stone_decoration":58,"stat.mineBlock.minecraft.clay":68,"stat.pickup.draconicevolution.draconic_spawner":11,"stat.flyOneCm":491455,"stat.pickup.actuallyadditions.item_booklet":1,"stat.pickup.shadowmobs.chupacabrameatraw":28,"stat.pickup.minecraft.fish":10,"stat.mineBlock.immersiveengineering.metal_decoration1":7,"wraamon.kill":3,"stat.timeSinceDeath":11274,"stat.useItem.harvestcraft.mcpamitem":1,"stat.pickup.minecraft.chainmail_helmet":1,"geonach.learn":1,"stat.craftItem.tconstruct.seared":49,"stat.pickup.minecraft.nether_wart":2,"stat.mineBlock.minecraft.enchanting_table":2,"cinder.learn":1,"stat.mineBlock.minecraft.coal_ore":107,"stat.drop.shadowmobs.chupacabrameatcooked":1,"stat.pickup.extrautils2.ingredients":2,"stat.pickup.minecraft.string":68,"grue.kill":2,"stat.entityKilledBy.Skeleton":3,"stat.useItem.chisel.concrete_lightgray":4,"stat.craftItem.tconstruct.tooltables":4,"stat.pickup.harvestcraft.gourmetvenisonburgeritem":1,"stat.sprintOneCm":903379,"stat.mineBlock.biomesoplenty.flower_1":1,"stat.craftItem.extrautils2.bagofholding":2,"stat.pickup.silentgems.essenceore":16,"stat.mineBlock.minecraft.diamond_ore":20,"wraamon.learn":1,"roc.learn":2,"stat.useItem.minecraft.ladder":4,"stat.killEntity.Zombie":20,"stat.mineBlock.minecraft.gold_ore":38,"stat.diveOneCm":39855,"stat.pickup.minecraft.wheat":126,"abaia.kill":1,"stat.pickup.minecraft.obsidian":6,"stat.pickup.matteroverdrive.tritanium_ore":7,"stat.jump":2438,"stat.pickup.minecraft.coal":138,"stat.pickup.minecraft.iron_ingot":3,"stat.pickup.tconstruct.seared_tank":2,"stat.pickup.minecraft.gunpowder":77,"stat.pickup.minecraft.dirt":183,"roc.kill":4,"stat.pickup.minecraft.gold_ore":42,"stat.mineBlock.minecraft.lapis_ore":6,"stat.pickup.harvestcraft.minerstewitem":1,"stat.pickup.minecraft.iron_axe":1,"stat.pickup.minecraft.cookie":1,"stat.damageTaken":14711,"stat.pickup.minecraft.magma_cream":4,"stat.pickup.minecraft.ender_eye":1,"xaphan.learn":2,"stat.drop.enderio.item_dark_steel_sword":1,"stat.entityKilledBy.Zombie":1,"stat.useItem.chisel.concrete_lightgray1":3,"cephignis.learn":1,"geonach.kill":11,"stat.useItem.tconstruct.shovel":383,"stat.pickup.techguns.itemshared":49,"stat.useItem.chisel.concrete_white1":8,"stat.useItem.minecraft.chest":6,"stat.craftItem.tconstruct.smeltery_io":2,"stat.useItem.minecraft.lava_bucket":1,"stat.craftItem.minecraft.iron_chestplate":1,"stat.pickup.scalinghealth.heartcontainer":1,"stat.pickup.minecraft.ender_pearl":18,"stat.pickup.minecraft.ladder":7,"stat.pickup.actuallyadditions.item_coffee_beans":1,"stat.mineBlock.minecraft.tnt":1,"stat.craftItem.minecraft.bookshelf":2,"stat.pickup.immersivetech.stone_decoration":2,"stat.mineBlock.minecraft.stonebrick":1,"stat.pickup.harvestcraft.weekendpicnicitem":1,"stat.craftItem.techguns.t1_miner_boots":2,"stat.mobKills":261,"stat.mineBlock.minecraft.bookshelf":13,"stat.mineBlock.chisel.concrete_white":2,"stat.pickup.minecraft.diamond":20,"stat.pickup.minecraft.beetroot_seeds":14,"phantom.kill":2,"eechetik.learn":1,"stat.mineBlock.tconstruct.seared_tank":2,"phantom.learn":1,"stat.pickup.infernomobs.scorchfirecharge":6,"stat.pickup.minecraft.glowstone_dust":15,"stat.mineBlock.immersiveengineering.ore":24,"stat.pickup.minecraft.blaze_powder":5,"stat.craftItem.actuallyadditions.block_atomic_reconstructor":2,"stat.pickup.modernmetals.beryllium_ore":3,"stat.useItem.minecraft.water_bucket":1,"stat.pickup.minecraft.sand":191,"stat.useItem.enderio.item_dark_steel_sword":365,"darkling.learn":1,"stat.craftItem.actuallyadditions.block_misc":2,"stat.entityKilledBy.primitivemobs.skeleton_warrior":5,"stat.craftItem.tconstruct.casting":3,"stat.pickup.minecraft.activator_rail":8,"stat.pickup.minecraft.wooden_hoe":3,"stat.pickup.minecraft.chainmail_chestplate":1,"stat.mineBlock.minecraft.sand":185,"stat.killEntity.techguns.ZombieFarmer":56,"stat.pickup.bhc.red_heart":19,"stat.pickup.actuallyadditions.item_solidified_experience":21,"stat.pickup.harvestcraft.chickengumboitem":1,"stat.craftItem.thermalfoundation.material":42,"stat.pickup.minecraft.furnace":4,"stat.pickup.primitivemobs.spider_egg":1,"stat.pickup.minecraft.skull":3,"afrit.kill":5,"banshee.learn":1,"stat.pickup.minecraft.pumpkin_seeds":4,"stat.pickup.immersiveengineering.wooden_decoration":2,"stat.playOneMinute":259724,"stat.pickup.minecraft.blaze_rod":12,"stat.pickup.nuclearcraft.dust":22,"stat.pickup.natura.overworld_seeds":1,"stat.pickup.minecraft.iron_bars":13,"ioray.learn":1,"stat.pickup.harvestcraft.randomtacoitem":1,"stat.pickup.shadowmobs.darklingskull":2,"stat.pickup.chisel.concrete_gray":5,"stat.craftItem.appliedenergistics2.grindstone":2,"stat.fallOneCm":92670,"stat.pickup.harvestcraft.cornedbeefhashitem":1,"stat.pickup.nuclearcraft.ore":6,"stat.craftItem.minecraft.chest":6,"stat.pickup.silentgems.glowrose":1,"stat.mineBlock.nuclearcraft.ore":19,"stat.pickup.minecraft.feather":8,"stat.craftItem.minecraft.wooden_button":1,"stat.useItem.minecraft.furnace":2,"stat.craftItem.tconstruct.materials":29,"stat.pickup.nuclearcraft.gem":23,"stat.pickup.minecraft.iron_leggings":1,"tremor.kill":2,"stat.mineBlock.minecraft.gravel":295,"stat.craftItem.tconstruct.seared_tank":2,"stat.mineBlock.silentgems.essenceore":16,"maka.learn":1,"stat.craftItem.minecraft.iron_leggings":1,"stat.killEntity.primitivemobs.baby_spider":25,"stat.pickup.minecraft.chainmail_boots":1,"stat.craftItem.rftools.machine_frame":2,"stat.pickup.minecraft.golden_apple":2,"stat.mineBlock.techguns.basicore":11,"stat.craftItem.minecraft.crafting_table":2,"stat.pickup.minecraft.iron_hoe":1,"stat.mineBlock.minecraft.emerald_ore":5,"stat.pickup.minecraft.log":87,"salamander.learn":1,"stat.craftItem.minecraft.redstone_ore":4,"stat.pickup.minecraft.sapling":1,"stat.craftItem.tconstruct.smeltery_controller":2,"stat.killEntity.WitherSkeleton":8,"stat.pickup.harvestcraft.coleslawburgeritem":1,"stat.pickup.immersiveengineering.metal_device0":1,"stat.pickup.natura.overworld_sapling2":2,"stat.sneakTime":8638,"stat.pickup.minecraft.rabbit":2,"stat.pickup.minecraft.stone_slab":12,"stat.pickup.minecraft.yellow_flower":2,"stat.pickup.minecraft.chest":13,"stat.pickup.immersiveengineering.ore":18,"stat.pickup.minecraft.bone":54,"stat.pickup.minecraft.redstone_torch":1,"stat.craftItem.nuclearcraft.decay_generator":4,"stat.pickup.chisel.concrete_white":2,"stat.craftItem.tconstruct.faucet":2,"stat.pickup.immersiveengineering.wooden_device0":3,"stat.mineBlock.actuallyadditions.block_misc":9,"nymph.learn":1,"stat.swimOneCm":74825,"stat.pickup.quark.glass_shards":46,"stat.climbOneCm":49649,"stat.craftItem.appliedenergistics2.crank":2,"vapula.kill":2,"stat.killEntity.primitivemobs.mother_spider":7,"stat.pickup.minecraft.enchanting_table":2,"stat.pickup.minecraft.anvil":3,"jengu.learn":1,"stat.pickup.minecraft.cobblestone":140,"stat.useItem.harvestcraft.deluxecheeseburgeritem":1,"stat.pickup.minecraft.soul_sand":6,"stat.pickup.minecraft.redstone":176,"stat.ae2.TurnedCranks":112,"stat.mineBlock.minecraft.iron_ore":39,"stat.pickup.minecraft.mossy_cobblestone":6,"stat.mineBlock.minecraft.coal_block":23,"stat.pickup.minecraft.dark_oak_door":1,"stat.mineBlock.thermalfoundation.ore":11,"stat.pickup.minecraft.stonebrick":2,"stat.drop.minecraft.dirt":5,"stat.mineBlock.chisel.concrete_lightgray1":5,"stat.craftItem.tconstruct.soil":280,"stat.pickup.tconstruct.smeltery_controller":1,"stat.entityKilledBy.primitivemobs.baby_spider":3,"stat.craftItem.minecraft.stone_slab2":0,"vapula.learn":1,"stat.pickup.actuallyadditions.item_misc":25,"stat.craftItem.techguns.t1_miner_leggings":1,"stat.pickup.modernmetals.thorium_ore":11,"stat.mineBlock.mekanism.oreblock":9,"stat.craftItem.minecraft.gold_nugget":18,"stat.pickup.techguns.t1_miner_leggings":2,"stat.useItem.chisel.concrete_gray1":12,"stat.pickup.freshwatermobs.soulstonefreshwater":1,"stat.drop":4,"stat.craftItem.actuallyadditions.item_misc":8,"stat.useItem.tconstruct.seared":39,"stat.pickup.minecraft.golden_chestplate":1,"stat.killEntity.primitivemobs.treasure_slime":1,"stat.mineBlock.chisel.concrete_gray1":19,"stat.killEntity.primitivemobs.haunted_tool":1,"stat.craftItem.minecraft.clay":52,"stat.useItem.harvestcraft.rainbowcurryitem":1,"stat.pickup.minecraft.gravel":277,"stat.mineBlock.minecraft.anvil":3,"stat.mineBlock.tconstruct.smeltery_controller":1,"stat.killEntity.primitivemobs.support_creeper":5,"stat.pickup.shadowmobs.chupacabrameatcooked":1,"stat.pickup.minecraft.spider_eye":16,"stat.craftItem.minecraft.iron_helmet":1,"stat.pickup.actuallyadditions.block_misc":9,"stat.pickup.minecraft.iron_ore":61,"stat.mineBlock.minecraft.iron_bars":9,"stat.pickup.minecraft.leather":72,"stat.mineBlock.minecraft.furnace":4,"stat.pickup.modernmetals.tungsten_ore":2,"stat.pickup.matteroverdrive.dilithium_crystal":1,"stat.pickup.chisel.concrete_lightgray":13,"stat.pickup.nuclearcraft.decay_generator":1,"stat.pickup.tconstruct.materials":1,"chupacabra.learn":2,"stat.damageDealt":54431,"stat.craftItem.minecraft.glass":8,"stat.killEntity.Cow":2,"stat.pickup.immersiveengineering.treated_wood_stairs0":2,"stat.craftItem.immersiveengineering.storage":1,"stat.pickup.harvestcraft.curryitem":1,"stat.walkOneCm":1346967,"stat.pickup.minecraft.stick":46,"stat.mineBlock.matteroverdrive.dilithium_ore":1,"stat.pickup.minecraft.clay_ball":292,"stat.pickup.mekanism.oreblock":8,"stat.pickup.techguns.t1_miner_boots":3,"stat.pickup.immersiveengineering.treated_wood":29,"stat.pickup.harvestcraft.heartybreakfastitem":1,"stat.useItem.scalinghealth.heartcontainer":1,"stat.pickup.minecraft.tnt":3,"stat.pickup.minecraft.stone":78,"stat.pickup.harvestcraft.deluxecheeseburgeritem":2,"stat.pickup.minecraft.chorus_fruit":4,"stat.killEntity.Skeleton":11,"stat.useItem.shadowmobs.chupacabrameatcooked":14,"stat.mineBlock.minecraft.redstone_torch":1,"stat.killEntity.Spider":27,"stat.pickup.minecraft.bread":89,"stat.mineBlock.chisel.concrete_white1":17,"stat.pickup.minecraft.quartz":58,"stat.mineBlock.minecraft.leaves":4,"stat.mineBlock.tconstruct.seared":2,"stat.mineBlock.minecraft.redstone_ore":38,"stat.mineBlock.nuclearcraft.decay_generator":1,"spectre.kill":1,"stat.pickup.nex.wither_bone":2,"stat.mineBlock.immersiveengineering.stone_decoration":15,"stat.craftItem.minecraft.iron_ore":8,"stat.mineBlock.minecraft.stone":34}