{"stat.pickup.harvestcraft.gourmetporkburgeritem":2,"stat.useItem.plainsmobs.makameatcooked":30,"stat.pickup.iceandfire.fire_dragon_flesh":38,"darkling.kill":9,"stat.pickup.nethermetals.nether_lead_ore":9,"spectre.learn":2,"stat.mineBlock.actuallyadditions.block_crystal_cluster_diamond":3,"stat.mineBlock.minecraft.stained_glass":2,"stat.entityKilledBy.techguns.ZombieFarmer":1,"stat.mineBlock.minecraft.web":18,"stat.mineBlock.chisel.factory":1,"stat.craftItem.techguns.t1_miner_chestplate":1,"stat.pickup.minecraft.rotten_flesh":34,"stat.killEntity.lcrdrfs.robo_dino":6,"stat.pickup.swampmobs.poisongland":40,"belph.learn":1,"warg.kill":5,"stat.pickup.minecraft.bucket":1,"eechetik.kill":5,"stat.mineBlock.nethermetals.nether_gold_ore":13,"stat.pickup.biomesoplenty.mushroom":10,"stat.pickup.minecraft.brown_mushroom":7,"stat.pickup.harvestcraft.scallionitem":3,"stat.pickup.quark.tallow":9,"stat.useItem.minecraft.iron_pickaxe":100,"stat.pickup.nethermetals.nether_tungsten_ore":95,"stat.pickup.minecraft.double_plant":1,"stat.furnaceInteraction":98,"stat.pickup.harvestcraft.cornitem":7,"stat.drop.openblocks.info_book":1,"stat.mineBlock.modernmetals.boron_ore":32,"stat.pickup.techguns.ladder0":1,"stat.drop.silentgems.guide_book":1,"stat.pickup.actuallyadditions.item_crystal":1,"stat.mineBlock.tconstruct.ore":60,"stat.useItem.minecraft.flint_and_steel":21,"stat.mineBlock.minecraft.fence":2,"aegis.learn":1,"stat.pickup.immersiveengineering.sheetmetal":4,"stat.pickup.minecraft.emerald":86,"stat.mineBlock.quark.crystal":2,"stat.deaths":20,"stat.pickup.minecraft.egg":17,"geist.learn":1,"stat.pickup.techguns.t1_miner_helmet":4,"stat.pickup.freshwatermobs.silexmeatraw":4,"stat.craftItem.conarm.armorstation":2,"stat.pickup.tconstruct.mattock":18,"stat.craftItem.minecraft.cooked_mutton":1,"stat.craftItem.plainsmobs.makameatcooked":26,"stat.chestOpened":987,"stat.pickup.minecraft.iron_sword":7,"maka.kill":4,"stat.craftItem.minecraft.quartz_block":13,"geist.kill":5,"stat.pickup.harvestcraft.patreonpieitem":1,"stat.pickup.enderio.item_alloy_ingot":3,"stat.pickup.minecraft.carrot":28,"stat.crouchOneCm":131699,"stat.pickup.mekanismtools.glowstoneleggings":1,"stat.pickup.chisel.concrete_gray1":13,"stat.craftingTableInteraction":141,"stat.craftItem.tconstruct.pattern":60,"eyewig.learn":2,"stat.pickup.immersiveengineering.stone_decoration":16,"stat.mineBlock.biomesoplenty.plant_0":2,"stat.pickup.minecraft.dye":780,"stat.pickup.minecraft.planks":10,"stat.pickup.biomesoplenty.plant_1":8,"stat.pickup.chisel.limestone2":17,"stat.pickup.enderio.item_material":2,"stat.pickup.techguns.t1_miner_chestplate":11,"stat.mineBlock.biomesoplenty.gem_ore":40,"stat.killEntity.techguns.ZombiePigmanSoldier":5,"stat.pickup.minecraft.ice":8,"stat.pickup.biomesoplenty.persimmon":1,"stat.pickup.nex.frostburn_ice":4,"stat.pickup.harvestcraft.salisburysteakitem":2,"stat.mineBlock.draconicevolution.draconium_ore":98,"stat.pickup.tconstruct.pickaxe":18,"stat.pickup.harvestcraft.deluxenachoesitem":1,"stat.pickup.nuclearcraft.glowing_mushroom":30,"stat.pickup.betternether.nether_brick_tile_small":1,"stat.craftItem.draconicevolution.draconium_ingot":8,"stat.mineBlock.nethermetals.nether_titanium_ore":73,"stat.mineBlock.chisel.concrete_lightgray":5,"arix.learn":1,"stat.pickup.minecraft.coal_block":2,"stat.craftItem.minecraft.bucket":4,"stat.craftItem.minecraft.planks":48,"stat.useItem.minecraft.iron_sword":12,"stat.pickup.fluxnetworks.flux":3,"stat.pickup.biomesoplenty.berries":2,"stat.mineBlock.dungeonmobs.bladetrap":2,"stat.pickup.minecraft.book":29,"stat.killEntity.primitivemobs.lily_lurker":2,"stat.pickup.minecraft.iron_door":1,"stat.pickup.nethermetals.nether_mercury_ore":1,"stat.pickup.nuclearcraft.block_depleted_uranium":2,"stat.pickup.harvestcraft.deluxechickencurryitem":1,"stat.mineBlock.actuallyadditions.block_crystal_cluster_coal":1,"stat.mineBlock.minecraft.cobblestone":204,"stat.pickup.nethermetals.nether_silver_ore":1,"stat.pickup.minecraft.stone_pickaxe":4,"stat.pickup.minecraft.flint":63,"stat.craftItem.basemetals.redstone_ingot":32,"stat.mineBlock.minecraft.stained_glass_pane":12,"stat.pickup.immersiveengineering.metal_decoration0":3,"stat.pickup.immersiveengineering.metal_decoration1":10,"stat.pickup.immersiveengineering.metal_decoration2":2,"stat.pickup.harvestcraft.cornedbeefbreakfastitem":1,"stat.killEntity.techguns.ZombieSoldier":1,"stat.pickup.demonmobs.pinkymeatraw":11,"grue.learn":2,"stat.useItem.minecraft.stone_slab2":102,"stat.pickup.actuallyadditions.block_giant_chest":9,"stat.pickup.minecraft.iron_boots":4,"stat.craftItem.rftools.storage_scanner":2,"stat.pickup.demonmobs.soulstonedemonic":1,"stat.pickup.minecraft.stone_hoe":1,"stat.craftItem.minecraft.furnace":2,"stat.pickup.harvestcraft.spinachpieitem":1,"stat.craftItem.minecraft.lapis_block":4,"stat.pickup.thermalfoundation.ore":321,"stat.pickup.chisel.concrete_lightgray1":118,"stat.pickup.quark.black_ash":16,"stat.craftItem.scalinghealth.heartcontainer":2,"stat.mineBlock.minecraft.clay":46,"stat.pickup.silentgems.food":1,"stat.pickup.shadowmobs.chupacabrameatraw":106,"wraamon.kill":10,"stat.pickup.iceandfire.fire_lily":1,"yale.kill":1,"stat.pickup.nethermetals.nether_zinc_ore":5,"stat.pickup.actuallyadditions.block_crystal":3,"geonach.learn":2,"stat.pickup.arcticmobs.frostyfur":5,"stat.pickup.thermaldynamics.duct_0":1,"cinder.learn":2,"stat.pickup.minecraft.wooden_sword":1,"grue.kill":10,"stat.pickup.actuallyadditions.item_crystal_shard":26,"stat.pickup.techguns.t1_scout_helmet":2,"stat.useItem.chisel.concrete_lightgray":17,"stat.killEntity.Squid":2,"stat.sprintOneCm":2181784,"stat.mineBlock.biomesoplenty.flower_1":1,"stat.mineBlock.minecraft.stone_slab":1,"ghoulzombie.learn":1,"stat.pickup.silentgems.essenceore":2,"stat.useItem.harvestcraft.cottonitem":1,"stat.pickup.lcrdrfs.creeper_chilli_crystal_shard":17,"trite.learn":2,"roc.learn":1,"stat.pickup.nethermetals.nether_lapis_ore":15,"stat.pickup.harvestcraft.mustardseedsitem":5,"stat.pickup.harvestcraft.delightedmealitem":1,"stat.killEntity.primitivemobs.harpy":1,"stat.killEntity.Zombie":11,"stat.craftItem.minecraft.dye":11,"stat.pickup.rftools.dimensional_shard":139,"stat.mineBlock.minecraft.gold_ore":80,"stat.craftItem.basemetals.zinc_ingot":18,"stat.pickup.nethermetals.nether_emerald_ore":110,"stat.pickup.minecraft.wheat":122,"stat.mineBlock.immersiveengineering.metal_device0":1,"stat.mineBlock.minecraft.mossy_cobblestone":3,"stat.pickup.elementalmobs.acidsplashcharge":11,"stat.pickup.iceandfire.dragonscales_bronze":315,"stat.killEntity.techguns.PsychoSteve":1,"stat.pickup.minecraft.obsidian":87,"stat.pickup.nethermetals.nether_iron_ore":2,"stat.pickup.betternether.black_bush":9,"stat.pickup.minecraft.coal":370,"stat.pickup.minecraft.iron_ingot":106,"stat.pickup.tconstruct.seared_tank":5,"stat.pickup.minecraft.gunpowder":181,"stat.pickup.minecraft.dirt":80,"stat.pickup.nethermetals.nether_copper_ore":5,"stat.pickup.nuclearcraft.geiger_counter":64,"stat.pickup.iceandfire.fire_dragon_heart":8,"stat.mineBlock.minecraft.lapis_ore":73,"stat.pickup.natura.nether_glowshroom":1,"stat.pickup.minecraft.iron_axe":4,"cacodemon.kill":1,"stat.pickup.minecraft.magma_cream":22,"stat.pickup.minecraft.ender_eye":4,"stat.pickup.forestmobs.arisaurmeatraw":2,"stat.pickup.techguns.concrete":1,"stat.useItem.chisel.concrete_lightgray1":68,"stat.mineBlock.nethermetals.nether_diamond_ore":52,"stat.pickup.chickenchunks.chunk_loader":1,"stat.pickup.minecraft.record_wait":3,"stat.useItem.harvestcraft.onionitem":1,"geonach.kill":59,"stat.pickup.techguns.itemshared":88,"stat.craftItem.tconstruct.smeltery_io":1,"argus.learn":1,"stat.pickup.nethermetals.nether_platinum_ore":71,"stat.useItem.minecraft.melon":1,"stat.pickup.harvestcraft.spiceleafitem":3,"stat.pickup.scalinghealth.heartcontainer":14,"stat.pickup.lcrdrfs.jetpack_spider_part":8,"stat.mineBlock.scalinghealth.crystalore":11,"stat.pickup.actuallyadditions.item_coffee_beans":5,"stat.pickup.biomesoplenty.gem":45,"stat.craftItem.conarm.boots":4,"stat.useItem.harvestcraft.parsnipitem":1,"stat.mobKills":710,"stat.pickup.minecraft.diamond_boots":2,"stat.mineBlock.minecraft.bookshelf":8,"stat.mineBlock.basemetals.lead_ore":11,"stat.pickup.randomthings.glowingmushroom":1,"stat.mineBlock.nex.netherrack":12080,"stat.pickup.minecraft.diamond":637,"phantom.kill":9,"stat.pickup.betternether.reeds_stairs":4,"stat.pickup.harvestcraft.beetitem":1,"stat.pickup.nethermetals.nether_cadmium_ore":1,"stat.useItem.harvestcraft.rhubarbitem":1,"stat.mineBlock.modernmetals.plutonium_ore":3,"stat.mineBlock.basemetals.copper_ore":8,"phantom.learn":2,"stat.drop.minecraft.skull":1,"stat.pickup.harvestcraft.clamchowderitem":1,"stat.pickup.infernomobs.cephignismeatcooked":20,"stat.pickup.minecraft.golden_boots":1,"stat.mineBlock.immersiveengineering.ore":54,"stat.mineBlock.actuallyadditions.block_crystal_cluster_lapis":1,"stat.mineBlock.minecraft.red_mushroom":5,"stat.useItem.harvestcraft.calamarirawitem":1,"stat.killEntity.primitivemobs.festive_creeper":5,"stat.craftItem.tconstruct.casting":2,"stat.pickup.minecraft.wooden_hoe":3,"stat.pickup.minecraft.chainmail_chestplate":2,"stat.mineBlock.minecraft.sand":211,"stat.killEntity.techguns.ZombieFarmer":108,"stat.pickup.betternether.wart_seed":1,"stat.pickup.tconstruct.slime_sapling":4,"stat.pickup.nethermetals.nether_tin_ore":3,"stat.pickup.minecraft.packed_ice":8,"stat.pickup.minecraft.ghast_tear":10,"stat.craftItem.spiceoflife.lunchbox":2,"stat.craftItem.enderio.item_material":2,"stat.pickup.bhc.red_heart":47,"stat.craftItem.thermalfoundation.material":22,"stat.pickup.quark.crystal":16,"stat.pickup.harvestcraft.mobsoupitem":1,"stat.useItem.minecraft.cooked_mutton":1,"stat.mineBlock.harvestcraft.windygarden":4,"stat.drop.nuclearcraft.radaway":1,"stat.useItem.thermaldynamics.duct_0":5,"stat.killEntity.techguns.CyberDemon":6,"banshee.learn":1,"stat.pickup.harvestcraft.ploughmanslunchitem":1,"stat.pickup.elementalmobs.crystalshard":9,"stat.pickup.tconstruct.slime_dirt":172,"stat.useItem.harvestcraft.paradiseburgeritem":1,"stat.pickup.minecraft.fermented_spider_eye":11,"stat.pickup.minecraft.saddle":1,"stat.pickup.shadowmobs.spectralboltcharge":16,"stat.mineBlock.modernmetals.uranium_ore":6,"stat.pickup.minecraft.blaze_rod":33,"stat.pickup.nuclearcraft.dust":53,"stat.mineBlock.actuallyadditions.block_wild":21,"stat.pickup.minecraft.netherrack":1108,"stat.pickup.harvestcraft.cottonitem":9,"stat.mineBlock.conarm.armorstation":2,"stat.pickup.appliedenergistics2.grindstone":1,"stat.pickup.minecraft.waterlily":4,"stat.craftItem.conarm.chestplate":2,"stat.pickup.shadowmobs.darklingskull":2,"stat.mineBlock.basemetals.coldiron_ore":2,"stat.useItem.harvestcraft.hamsweetpicklesandwichitem":1,"maug.learn":1,"stat.mineBlock.iceandfire.fire_lily":1,"stat.pickup.nuclearcraft.ore":74,"stat.craftItem.tconstruct.toolforge":2,"stat.pickup.harvestcraft.beetburgeritem":2,"stat.pickup.minecraft.melon":232,"stat.pickup.silentgems.glowrose":4,"stat.mineBlock.silentgems.gemore":4,"stat.pickup.primitivemobs.goblin_mace":1,"arix.kill":4,"stat.killEntity.techguns.ZombieMiner":12,"stat.useItem.minecraft.furnace":4,"stat.craftItem.tconstruct.materials":37,"stat.pickup.nuclearcraft.gem":1086,"stat.pickup.minecraft.iron_leggings":1,"stat.pickup.randomthings.ingredient":3,"stat.mineBlock.minecraft.gravel":590,"maka.learn":1,"stat.killEntity.primitivemobs.baby_spider":44,"arisaur.kill":1,"stat.craftItem.rftools.machine_frame":2,"stat.pickup.minecraft.flint_and_steel":13,"stat.pickup.actuallyadditions.item_jam":50,"stat.useItem.harvestcraft.spiceleafitem":1,"ettin.learn":1,"stat.pickup.minecraft.crafting_table":2,"stat.mineBlock.techguns.basicore":35,"stat.craftItem.minecraft.crafting_table":2,"stat.drop.arcticmobs.yetimeatcooked":1,"stat.pickup.enderio.block_simple_alloy_smelter":4,"stat.pickup.techguns.chainsaw":1,"stat.pickup.minecraft.iron_hoe":2,"stat.mineBlock.minecraft.emerald_ore":57,"stat.pickup.minecraft.redstone_block":9,"stat.pickup.harvestcraft.paradiseburgeritem":1,"stat.useItem.nex.netherrack":116,"stat.useItem.minecraft.cooked_fish":3,"stat.pickup.nethermetals.nether_diamond_ore":54,"stat.pickup.minecraft.sapling":54,"stat.pickup.harvestcraft.parsnipitem":7,"stat.killEntity.primitivemobs.flame_spewer":1,"stat.mineBlock.tconstruct.toolforge":1,"stat.killEntity.WitherSkeleton":8,"stat.mineBlock.mekanism.machineblock":1,"stat.pickup.betternether.nether_mycelium":1,"stat.pickup.harvestcraft.tealeafitem":4,"stat.pickup.minecraft.rabbit":9,"stat.useItem.minecraft.baked_potato":6,"stat.pickup.minecraft.stone_slab":2,"stat.pickup.minecraft.yellow_flower":1,"stat.pickup.minecraft.bone":186,"stat.craftItem.nuclearcraft.decay_generator":2,"stat.mineBlock.nethermetals.nether_tungsten_ore":87,"stat.pickup.immersiveengineering.wooden_device0":3,"stat.useItem.harvestcraft.tealeafitem":1,"stat.mineBlock.minecraft.brown_mushroom":1,"stat.craftItem.tconstruct.slimesling":2,"stat.climbOneCm":533002,"stat.pickup.harvestcraft.artichokeitem":3,"stat.pickup.harvestcraft.gourmetmuttonburgeritem":2,"stat.craftItem.appliedenergistics2.crank":2,"trite.kill":8,"stat.pickup.minecraft.anvil":2,"stat.mineBlock.sgextraparts.rock":1,"stat.pickup.minecraft.cobblestone":8916,"stat.pickup.harvestcraft.mashedpotatoeschickenbiscuititem":2,"stat.pickup.minecraft.soul_sand":80,"stat.pickup.harvestcraft.bbqplatteritem":1,"stat.ae2.TurnedCranks":40,"stat.pickup.minecraft.redstone":192,"stat.mineBlock.minecraft.iron_ore":126,"stat.useItem.harvestcraft.peanutitem":3,"pinky.learn":2,"stat.pickup.actuallyadditions.item_rice_seed":47,"stat.pickup.minecraft.mossy_cobblestone":7,"stat.killEntity.techguns.SkeletonSoldier":1,"stat.useItem.harvestcraft.cornitem":1,"stat.useItem.nuclearcraft.radaway":4,"stat.mineBlock.thermalfoundation.ore":173,"stat.pickup.minecraft.iron_shovel":7,"stat.craftItem.tconstruct.soil":216,"stat.pickup.tconstruct.smeltery_controller":1,"stat.useItem.danknull.dank_null":156,"stat.craftItem.tconstruct.slime_boots":2,"vapula.learn":1,"stat.pickup.rftools.storage_scanner":1,"stat.pickup.biomesoplenty.ash":170,"stat.pickup.arcticmobs.yetimeatraw":36,"stat.craftItem.minecraft.gold_nugget":9,"stat.pickup.harvestcraft.barleyitem":2,"stat.pickup.conarm.boots":3,"stat.mineBlock.minecraft.planks":3,"stat.drop":9,"stat.craftItem.actuallyadditions.item_misc":12,"stat.killEntity.Sheep":1,"stat.craftItem.conarm.helmet":2,"stat.useItem.tconstruct.seared":37,"stat.pickup.nethermetals.nether_coal_ore":2,"stat.craftItem.forestmobs.arisaurmeatcooked":2,"stat.killEntity.primitivemobs.treasure_slime":8,"stat.pickup.mekanism.basicblock":1,"stat.mineBlock.actuallyadditions.block_crystal_cluster_emerald":1,"stat.mineBlock.minecraft.anvil":2,"stat.drop.valkyrielib.guide":1,"stat.useItem.minecraft.apple":1,"stat.pickup.harvestcraft.spaghettidinneritem":1,"stat.mineBlock.nuclearcraft.block_depleted_uranium":2,"stat.killEntity.primitivemobs.support_creeper":2,"stat.pickup.harvestcraft.blackberryitem":3,"stat.pickup.minecraft.fence":7,"stat.useItem.dynamictrees.spruceseed":1,"stat.pickup.randomthings.beans":29,"stat.mineBlock.harvestcraft.shadedgarden":5,"stat.pickup.harvestcraft.bellpepperitem":2,"stat.pickup.actuallyadditions.block_misc":31,"stat.pickup.extrautils2.bagofholding":11,"stat.craftItem.minecraft.flint_and_steel":5,"stat.pickup.conarm.armorstation":2,"stat.pickup.actuallyadditions.item_coffee_seed":3,"stat.mineBlock.tconstruct.tooltables":15,"stat.useItem.infernomobs.cephignismeatcooked":1,"stat.mineBlock.minecraft.furnace":5,"stat.pickup.chisel.concrete_lightgray":39,"stat.useItem.harvestcraft.mustardseedsitem":1,"stat.killEntity.CaveSpider":5,"stat.pickup.nuclearcraft.decay_generator":2,"chupacabra.learn":2,"stat.damageDealt":291749,"stat.pickup.nethermetals.nether_zirconium_ore":5,"stat.pickup.actuallyadditions.item_canola_seed":4,"stat.craftItem.techguns.basicore":24,"stat.pickup.elementalmobs.vapulacrystal":1,"stat.pickup.arcticmobs.yetimeatcooked":176,"stat.pickup.minecraft.stick":106,"stat.mineBlock.basemetals.platinum_ore":72,"argus.kill":3,"stat.pickup.mekanism.oreblock":38,"stat.pickup.techguns.t1_miner_boots":7,"stat.pickup.immersiveengineering.storage":5,"stat.pickup.harvestcraft.deluxecheeseburgeritem":1,"stat.pickup.harvestcraft.zucchiniitem":2,"stat.pickup.minecraft.chorus_fruit":42,"stat.pickup.modernmetals.zirconium_ore":4,"stat.pickup.betternether.netherrack_moss":5,"stat.pickup.harvestcraft.southernstylebreakfastitem":2,"stat.mineBlock.minecraft.quartz_ore":95,"stat.mineBlock.modernmetals.aluminum_ore":7,"stat.pickup.modernmetals.tantalum_ore":1,"belph.kill":1,"stat.mineBlock.minecraft.leaves":3,"stat.mineBlock.tconstruct.seared":13,"stat.craftItem.randomthings.beans":2,"astaroth.kill":1,"stat.pickup.betternether.nether_brick_tile_large":2,"stat.drop.tconstruct.book":1,"stat.pickup.harvestcraft.chickenandwafflesitem":1,"stat.pickup.minecraft.wooden_slab":1,"stat.pickup.draconicevolution.draconium_dust":670,"stat.pickup.tconstruct.longsword":25,"stat.leaveGame":35,"stat.killEntity.primitivemobs.blazing_juggernaut":6,"djinn.learn":2,"wraith.kill":14,"stat.craftItem.harvestcraft.calamaricookeditem":2,"stat.pickup.modernmetals.rutile_ore":5,"stat.pickup.tconstruct.tough_binding":64,"stat.pickup.harvestcraft.calamarirawitem":6,"stat.pickup.nuclearcraft.dominos":1,"kobold.learn":1,"stat.killEntity.primitivemobs.skeleton_warrior":62,"stat.pickup.natura.materials":25,"stat.entityKilledBy.primitivemobs.rocket_creeper":1,"stat.pickup.iceandfire.witherbone":3,"stat.craftItem.modernmetals.tungsten_ingot":9,"stat.useItem.plustic.katana":26,"stat.pickup.enderio.item_broken_spawner":17,"stat.pickup.danknull.dank_null":2,"stat.pickup.harvestcraft.radishitem":2,"stat.pickup.modernmetals.manganese_ore":1,"stat.killEntity.nex:nethermite":5,"stat.mineBlock.openblocks.grave":18,"stat.pickup.nex.thornstalk":6,"stat.pickup.harvestcraft.rhubarbitem":1,"stat.craftItem.minecraft.bed":2,"stat.useItem.actuallyadditions.block_giant_chest":2,"stat.pickup.minecraft.firework_charge":3,"salamander.kill":4,"stat.pickup.harvestcraft.onionitem":7,"stat.mineBlock.minecraft.vine":1,"stat.pickup.thermalfoundation.material":123,"stat.pickup.techguns.basicore":129,"banshee.kill":5,"stat.killEntity.ZombieVillager":1,"stat.pickup.realistictorches.torch_unlit":513,"xaphan.kill":47,"stat.craftItem.extrautils2.decorativesolidwood":2,"stat.pickup.chisel.concrete_white1":21,"stat.pickup.minecraft.beef":4,"stat.pickup.minecraft.leather_helmet":7,"stat.pickup.sgextraparts.genericitem":4,"stat.pickup.minecraft.cauldron":1,"stat.pickup.biomesoplenty.flower_0":2,"stat.pickup.nethermetals.nether_redstone_ore":19,"pinky.kill":7,"stat.pickup.nethermetals.nether_aluminum_ore":18,"stat.mineBlock.rftools.storage_scanner":1,"stat.craftItem.shadowmobs.chupacabrameatcooked":73,"stat.useItem.natura.edibles":1,"stat.killEntity.primitivemobs.rocket_creeper":3,"stat.craftItem.conarm.leggings":2,"stat.pickup.chisel.marble2":10,"stat.pickup.tconstruct.seared":13,"stat.pickup.mountainmobs.yalemeatraw":2,"stat.pickup.immersiveengineering.material":492,"stat.pickup.harvestcraft.koreandinneritem":1,"stat.pickup.minecraft.arrow":87,"stat.pickup.minecraft.wooden_pressure_plate":2,"stat.pickup.elementalmobs.xaphanspine":6,"stat.useItem.actuallyadditions.item_food":20,"afrit.learn":2,"stat.pickup.demonmobs.hellfirecharge":1,"stat.pickup.chisel.basalt2":121,"stat.mineBlock.minecraft.chest":4,"stat.pickup.actuallyadditions.item_food":76,"ent.learn":1,"stat.pickup.natura.edibles":3,"stat.pickup.harvestcraft.crawfishetoufeeitem":2,"stat.useItem.tconstruct.longsword":96,"stat.mineBlock.randomthings.beanpod":3,"stat.craftItem.draconicevolution.draconic_core":4,"chupacabra.kill":43,"stat.useItem.harvestcraft.lettuceitem":1,"stat.pickup.nethermetals.nether_bismuth_ore":4,"stat.pickup.minecraft.wheat_seeds":53,"stat.useItem.randomthings.ingredient":3,"stat.pickup.elementalmobs.geonachfist":16,"stat.pickup.darkutils.material":3,"djinn.kill":4,"stat.mineBlock.betternether.nether_mycelium":1,"stat.mineBlock.minecraft.dirt":7,"astaroth.learn":1,"stat.pickup.dynamictreesbop.mapleseed":4,"stat.useItem.minecraft.bread":5,"stat.pickup.immersiveengineering.seed":868,"stat.killEntity.primitivemobs.bewitched_tome":7,"stat.mineBlock.iceandfire.sapphire_ore":1,"warg.learn":1,"stat.mineBlock.nex.quartz_ore":48,"stat.useItem.minecraft.cobblestone":74,"stat.useItem.minecraft.gravel":56,"stat.mineBlock.betternether.cincinnasite_ore":97,"abaia.learn":1,"stat.pickup.minecraft.iron_pickaxe":6,"stat.useItem.tconstruct.pickaxe":55522,"stat.craftItem.realistictorches.torch_unlit":140,"stat.pickup.nethermetals.nether_manganese_ore":3,"stat.pickup.minecraft.apple":74,"stat.useItem.nuclearcraft.dominos":1,"stat.craftItem.arcticmobs.yetimeatcooked":2,"stat.useItem.harvestcraft.artichokeitem":1,"stat.pickup.iceandfire.dragonscales_green":79,"stat.mineBlock.minecraft.log":34,"stat.pickup.iceandfire.dragonbone":99,"stat.pickup.harvestcraft.chipsandsalsaitem":1,"stat.pickup.tconstruct.fletching":64,"stat.pickup.biomesoplenty.dirt":1,"stat.pickup.minecraft.red_flower":17,"stat.pickup.minecraft.wool":4,"ent.kill":3,"stat.pickup.immersiveengineering.connector":6,"frostweaver.learn":1,"stat.useItem.harvestcraft.bbqplatteritem":1,"stat.craftItem.minecraft.cooked_rabbit":2,"wraith.learn":2,"stat.craftItem.tconstruct.edible":12,"stat.useItem.tconstruct.mattock":473,"stat.craftItem.minecraft.wool":3,"stat.craftItem.enderio.item_alloy_ingot":27,"stat.mineBlock.appliedenergistics2.quartz_ore":14,"tremor.learn":1,"stat.pickup.minecraft.enchanted_book":3,"stat.mineBlock.actuallyadditions.block_crystal":2,"stat.useItem.minecraft.obsidian":14,"stat.useItem.harvestcraft.tomatoitem":1,"stat.pickup.minecraft.bow":1,"stat.useItem.harvestcraft.wintersquashitem":1,"stat.mineBlock.nethermetals.nether_redstone_ore":9,"stat.useItem.minecraft.egg":2,"stat.pickup.minecraft.nether_wart_block":4,"stat.mineBlock.minecraft.obsidian":63,"stat.pickup.immersivepetroleum.stone_decoration":12,"stat.pickup.draconicevolution.draconic_spawner":24,"stat.flyOneCm":2521873,"stat.pickup.actuallyadditions.item_booklet":1,"stat.mineBlock.immersiveengineering.metal_decoration1":1,"stat.timeSinceDeath":27009,"stat.pickup.basemetals.coldiron_ore":2,"kobold.kill":1,"stat.useItem.harvestcraft.mcpamitem":1,"stat.killEntity.Bat":1,"stat.useItem.minecraft.potato":1,"stat.pickup.minecraft.chainmail_helmet":2,"stat.craftItem.tconstruct.seared":32,"stat.pickup.minecraft.nether_wart":62,"stat.pickup.inventorypets.pig_pet":1,"stat.mineBlock.minecraft.coal_ore":229,"stat.talkedToVillager":3,"stat.pickup.extrautils2.ingredients":3,"stat.pickup.minecraft.string":205,"stat.mineBlock.realistictorches.torch_unlit":56,"stat.craftItem.tconstruct.tooltables":10,"stat.craftItem.extrautils2.bagofholding":2,"stat.pickup.minecraft.bone_block":13,"stat.mineBlock.minecraft.diamond_ore":350,"stat.mineBlock.biomesoplenty.mushroom":2,"arisaur.learn":1,"stat.useItem.actuallyadditions.item_coffee_beans":1,"wraamon.learn":2,"stat.pickup.harvestcraft.kohlundpinkelitem":2,"stat.pickup.nethermetals.nether_magnesium_ore":1,"stat.useItem.harvestcraft.randomtacoitem":1,"stat.pickup.tconstruct.ore":72,"stat.useItem.harvestcraft.zucchiniitem":1,"stat.useItem.tconstruct.crossbow":108,"stat.pickup.minecraft.snowball":41,"stat.useItem.harvestcraft.gourmetporkburgeritem":1,"stat.diveOneCm":106312,"stat.pickup.tconstruct.tooltables":15,"stat.pickup.harvestcraft.beansontoastitem":1,"stat.pickup.millenaire.bearmeat_cooked":1,"stat.pickup.matteroverdrive.tritanium_ore":4,"stat.jump":4338,"stat.mineBlock.realistictorches.torch_lit":5,"stat.useItem.arcticmobs.yetimeatcooked":21,"roc.kill":1,"stat.pickup.minecraft.gold_ore":108,"stat.pickup.actuallyadditions.item_flax_seed":2,"stat.pickup.harvestcraft.minerstewitem":1,"stat.pickup.chisel.technical":10,"stat.mineBlock.minecraft.glass_pane":2,"stat.mineBlock.nuclearcraft.glowing_mushroom":15,"stat.damageTaken":-2147468372,"stat.craftItem.basemetals.lead_ingot":36,"stat.useItem.harvestcraft.radishitem":1,"xaphan.learn":2,"stat.pickup.minecraft.bed":2,"stat.pickup.minecraft.quartz_block":40,"stat.pickup.minecraft.potato":10,"stat.pickup.harvestcraft.lettuceitem":5,"stat.pickup.harvestcraft.oatsitem":1,"stat.useItem.silentgems.food":1,"stat.useItem.immersiveengineering.storage":4,"stat.useItem.minecraft.chest":15,"stat.pickup.modernmetals.magnesium_ore":1,"yale.learn":1,"stat.pickup.chisel.factory":1,"stat.craftItem.mekanism.ingot":36,"stat.mineBlock.immersiveengineering.sheetmetal":1,"stat.drop.actuallyadditions.item_misc":1,"stat.useItem.tconstruct.faucet":1,"stat.mineBlock.modernmetals.titanium_ore":15,"stat.craftItem.basemetals.steel_ingot":27,"stat.useItem.harvestcraft.scallionitem":1,"stat.pickup.minecraft.baked_potato":90,"stat.pickup.harvestcraft.gumboitem":2,"stat.pickup.minecraft.ender_pearl":73,"stat.useItem.minecraft.netherrack":1,"stat.craftItem.minecraft.bookshelf":2,"stat.craftItem.techguns.itemshared":8,"stat.mineBlock.minecraft.stonebrick":27,"stat.pickup.harvestcraft.weekendpicnicitem":1,"stat.pickup.nuclearcraft.radaway":1,"eechetik.learn":1,"stat.mineBlock.nethermetals.nether_iron_ore":2,"stat.mineBlock.tconstruct.seared_tank":5,"stat.mineBlock.modernmetals.tungsten_ore":57,"stat.pickup.natura.overworld_logs2":44,"stat.pickup.infernomobs.scorchfirecharge":10,"stat.pickup.lcrdrfs.robo_dino_part":7,"stat.useItem.chickenchunks.chunk_loader":1,"stat.pickup.minecraft.porkchop":5,"stat.pickup.minecraft.blaze_powder":56,"stat.pickup.tconstruct.slimesling":13,"stat.pickup.modernmetals.beryllium_ore":4,"stat.useItem.minecraft.water_bucket":26,"stat.pickup.minecraft.sand":147,"darkling.learn":2,"stat.entityKilledBy.primitivemobs.skeleton_warrior":2,"stat.pickup.harvestcraft.swedishmeatballsitem":1,"stat.useItem.dynamictreesbop.mapleseed":1,"stat.pickup.tconstruct.bolt":2,"stat.pickup.harvestcraft.wintersquashitem":5,"stat.pickup.dynamictrees.spruceseed":6,"stat.useItem.randomthings.beans":2,"stat.craftItem.minecraft.cooked_fish":3,"stat.pickup.plainsmobs.makameatcooked":109,"stat.mineBlock.biomesoplenty.dirt":1,"stat.pickup.elementalmobs.chaosorbcharge":2,"stat.mineBlock.actuallyadditions.block_crystal_cluster_redstone":2,"stat.pickup.iceandfire.dragon_skull":8,"stat.useItem.harvestcraft.leekitem":1,"stat.pickup.actuallyadditions.item_solidified_experience":60,"stat.pickup.basemetals.zinc_ore":72,"stat.useItem.realistictorches.torch_unlit":211,"stat.pickup.minecraft.furnace":5,"stat.pickup.primitivemobs.spider_egg":2,"stat.craftItem.minecraft.ender_pearl":8,"stat.pickup.tconstruct.cast":2,"stat.pickup.minecraft.iron_chestplate":4,"stat.pickup.minecraft.skull":26,"stat.useItem.harvestcraft.blackberryitem":1,"yeti.kill":9,"afrit.kill":9,"cacodemon.learn":1,"stat.mineBlock.actuallyadditions.block_giant_chest":7,"stat.craftItem.minecraft.heavy_weighted_pressure_plate":4,"stat.mineBlock.chickenchunks.chunk_loader":1,"stat.craftItem.enderio.block_simple_alloy_smelter":2,"stat.pickup.immersiveengineering.wooden_decoration":2,"stat.playOneMinute":863356,"stat.pickup.natura.overworld_seeds":13,"stat.pickup.minecraft.iron_bars":9,"stat.pickup.natura.nether_tainted_soil":663,"ioray.learn":1,"stat.pickup.harvestcraft.tomatoitem":2,"stat.pickup.harvestcraft.randomtacoitem":1,"stat.pickup.conarm.chestplate":6,"stat.craftItem.appliedenergistics2.material":8,"stat.mineBlock.minecraft.netherrack":24950,"stat.mineBlock.appliedenergistics2.charged_quartz_ore":11,"stat.craftItem.basemetals.copper_ingot":18,"stat.craftItem.appliedenergistics2.grindstone":2,"stat.fallOneCm":194710,"stat.craftItem.minecraft.chest":44,"stat.useItem.harvestcraft.bellpepperitem":1,"stat.pickup.minecraft.red_mushroom":11,"serpix.learn":1,"stat.mineBlock.nethermetals.nether_silver_ore":1,"stat.pickup.shadowmobs.geistliver":14,"stat.mineBlock.nuclearcraft.ore":37,"stat.pickup.minecraft.feather":29,"stat.pickup.betternether.reeds_block":4,"stat.mineBlock.nethermetals.nether_aluminum_ore":15,"stat.pickup.nethermetals.nether_rutile_ore":12,"stat.mineBlock.natura.overworld_logs2":39,"tremor.kill":3,"stat.useItem.minecraft.stone_pickaxe":57,"stat.craftItem.tconstruct.seared_tank":1,"stat.pickup.betternether.cincinnasite":205,"stat.pickup.minecraft.chainmail_boots":5,"eyewig.kill":15,"stat.mineBlock.quark.stone_speleothem":1,"stat.pickup.minecraft.log":84,"salamander.learn":1,"stat.pickup.mekanism.machineblock":1,"stat.craftItem.minecraft.redstone_ore":6,"stat.pickup.minecraft.chainmail_leggings":2,"stat.craftItem.tconstruct.smeltery_controller":2,"stat.pickup.nex.netherrack":987,"stat.pickup.silentgems.gem":10,"stat.mineBlock.nethermetals.nether_copper_ore":4,"stat.pickup.harvestcraft.rutabagaitem":1,"stat.mineBlock.basemetals.zinc_ore":69,"stat.pickup.immersiveengineering.metal_device0":1,"stat.pickup.natura.overworld_sapling2":7,"stat.pickup.immersiveengineering.metal_device1":1,"stat.pickup.tconstruct.slime_boots":11,"stat.sneakTime":51341,"stat.mineBlock.nethermetals.nether_lapis_ore":10,"stat.mineBlock.minecraft.cobblestone_wall":1,"stat.pickup.minecraft.chest":9,"stat.craftItem.nuclearcraft.uranium":18,"stat.pickup.conarm.helmet":7,"stat.pickup.chisel.concrete_white":2,"stat.drop.conarm.book":1,"stat.craftItem.tconstruct.faucet":2,"stat.mineBlock.actuallyadditions.block_misc":14,"nymph.learn":1,"stat.pickup.nethermetals.nether_plutonium_ore":1,"stat.swimOneCm":232620,"stat.pickup.quark.glass_shards":20,"stat.pickup.lcrdrfs.creeper_plasma":4,"stat.mineBlock.betternether.nether_grass":1,"stat.useItem.harvestcraft.barleyitem":1,"vapula.kill":18,"stat.killEntity.primitivemobs.mother_spider":12,"stat.pickup.plainsmobs.makameatraw":28,"jengu.learn":1,"yeti.learn":2,"stat.pickup.quark.biome_cobblestone":4,"stat.mineBlock.minecraft.redstone_block":3,"stat.mineBlock.chisel.limestone2":5,"stat.pickup.minecraft.glass_bottle":10,"stat.pickup.appliedenergistics2.material":44,"stat.useItem.chisel.limestone2":2,"stat.craftItem.basemetals.steel_blend":16,"stat.pickup.harvestcraft.leekitem":3,"stat.craftItem.actuallyadditions.item_food":12,"stat.pickup.minecraft.mutton":5,"stat.pickup.minecraft.wooden_axe":1,"stat.mineBlock.minecraft.coal_block":2,"stat.killEntity.primitivemobs.void_eye":1,"stat.pickup.minecraft.stonebrick":36,"stat.mineBlock.chisel.concrete_lightgray1":34,"stat.mineBlock.natura.nether_tainted_soil":433,"stat.mineBlock.nethermetals.nether_platinum_ore":66,"stat.craftItem.minecraft.stone_slab2":7,"stat.pickup.nethermetals.nether_titanium_ore":81,"stat.craftItem.modernmetals.titanium_ingot":27,"stat.pickup.actuallyadditions.item_misc":25,"stat.killEntity.lcrdrfs.laser_creeper":1,"stat.mineBlock.mekanism.oreblock":40,"stat.mineBlock.rftools.dimensional_shard_ore":23,"stat.pickup.techguns.t1_miner_leggings":5,"stat.mineBlock.minecraft.crafting_table":2,"stat.mineBlock.minecraft.quartz_block":29,"stat.useItem.minecraft.carrot":1,"stat.mineBlock.enderio.block_simple_alloy_smelter":4,"stat.useItem.minecraft.wheat":1,"stat.pickup.nethermetals.nether_gold_ore":13,"stat.pickup.inventorypets.nugget_obsidian":4,"stat.pickup.minecraft.slime_ball":83,"stat.pickup.tconstruct.tough_tool_rod":64,"stat.mineBlock.chisel.concrete_gray1":9,"stat.craftItem.minecraft.clay":46,"stat.pickup.tconstruct.toolforge":1,"stat.pickup.minecraft.gravel":580,"stat.mineBlock.tconstruct.smeltery_controller":1,"stat.mineBlock.nethermetals.nether_tin_ore":2,"stat.useItem.harvestcraft.deluxenachoesitem":1,"stat.mineBlock.tconstruct.slime_dirt":172,"stat.pickup.minecraft.stone_brick_stairs":10,"stat.pickup.minecraft.iron_helmet":3,"stat.pickup.scalinghealth.crystalshard":11,"stat.pickup.conarm.leggings":6,"stat.pickup.shadowmobs.chupacabrameatcooked":220,"stat.pickup.harvestcraft.peanutitem":7,"stat.pickup.minecraft.spider_eye":71,"stat.killEntity.primitivemobs.goblin":21,"stat.pickup.harvestcraft.springfieldcashewchickenitem":1,"stat.mineBlock.nethermetals.nether_emerald_ore":100,"stat.mineBlock.harvestcraft.frostgarden":1,"stat.pickup.minecraft.iron_ore":280,"stat.pickup.tconstruct.slime_congealed":18,"stat.mineBlock.minecraft.iron_bars":8,"stat.pickup.tconstruct.crossbow":1,"stat.pickup.minecraft.leather":157,"stat.pickup.modernmetals.tungsten_ore":60,"stat.pickup.modernmetals.plutonium_ore":3,"stat.pickup.matteroverdrive.dilithium_crystal":14,"stat.killEntity.lcrdrfs.jet_pack_spider":10,"behemoth.kill":1,"stat.pickup.iceandfire.sapphire_gem":1,"stat.pickup.minecraft.reeds":581,"stat.pickup.tconstruct.materials":1,"stat.pickup.thermalfoundation.storage_alloy":6,"stat.craftItem.minecraft.glass":10,"stat.sleepInBed":4,"stat.craftItem.minecraft.baked_potato":15,"stat.pickup.minecraft.piston":1,"stat.walkOneCm":3721004,"stat.mineBlock.matteroverdrive.dilithium_ore":9,"stat.pickup.minecraft.clay_ball":184,"stat.mineBlock.immersiveengineering.storage":11,"stat.pickup.plustic.katana":1,"stat.mineBlock.chisel.basalt2":121,"stat.killEntity.primitivemobs.mimic":2,"stat.useItem.scalinghealth.heartcontainer":15,"stat.pickup.minecraft.tnt":3,"stat.pickup.minecraft.stone":789,"stat.pickup.biomesoplenty.fleshchunk":341,"stat.pickup.naturescompass.naturescompass":1,"stat.pickup.minecraft.gold_ingot":84,"stat.mineBlock.thermalfoundation.ore_fluid":16,"stat.pickup.harvestcraft.hamsweetpicklesandwichitem":2,"stat.killEntity.Skeleton":2,"stat.useItem.shadowmobs.chupacabrameatcooked":36,"stat.killEntity.Spider":2,"stat.pickup.minecraft.bread":60,"stat.mineBlock.biomesoplenty.flesh":7244,"stat.pickup.minecraft.quartz":684,"stat.pickup.harvestcraft.hotandsoursoupitem":1,"stat.pickup.iceandfire.dragonegg_gray":3,"stat.pickup.minecraft.water_bucket":2,"cinder.kill":5,"stat.mineBlock.minecraft.redstone_ore":25,"stat.mineBlock.nuclearcraft.decay_generator":2,"spectre.kill":7,"stat.mineBlock.immersiveengineering.stone_decoration":15,"stat.craftItem.minecraft.iron_ore":60,"stat.mineBlock.minecraft.stone":15354}