{"stat.pickup.tconstruct.longsword":4,"stat.leaveGame":2,"stat.drop.minecraft.skull":1,"stat.mineBlock.minecraft.web":3,"stat.pickup.harvestcraft.calamarirawitem":6,"stat.mineBlock.minecraft.red_mushroom":5,"stat.pickup.natura.materials":8,"stat.killEntity.primitivemobs.festive_creeper":1,"stat.pickup.harvestcraft.wintersquashitem":4,"stat.pickup.enderio.item_broken_spawner":9,"stat.pickup.dynamictrees.spruceseed":2,"stat.pickup.biomesoplenty.mushroom":2,"stat.pickup.minecraft.brown_mushroom":2,"stat.pickup.harvestcraft.scallionitem":1,"stat.mineBlock.openblocks.grave":4,"stat.pickup.harvestcraft.onionitem":6,"stat.mineBlock.minecraft.vine":1,"stat.pickup.thermalfoundation.material":3,"stat.pickup.harvestcraft.cornitem":7,"stat.pickup.realistictorches.torch_unlit":4,"stat.drop.openblocks.info_book":1,"stat.pickup.actuallyadditions.item_solidified_experience":4,"stat.pickup.minecraft.furnace":4,"stat.mineBlock.harvestcraft.windygarden":2,"stat.pickup.biomesoplenty.flower_0":2,"stat.drop.silentgems.guide_book":1,"stat.pickup.minecraft.skull":3,"stat.useItem.harvestcraft.blackberryitem":1,"stat.deaths":4,"stat.playOneMinute":68193,"stat.pickup.nuclearcraft.dust":1,"stat.mineBlock.actuallyadditions.block_wild":9,"stat.pickup.tconstruct.mattock":4,"stat.pickup.harvestcraft.cottonitem":5,"stat.chestOpened":34,"stat.pickup.harvestcraft.tomatoitem":1,"stat.pickup.minecraft.waterlily":4,"stat.useItem.actuallyadditions.item_food":2,"maug.learn":1,"stat.fallOneCm":15056,"stat.pickup.minecraft.carrot":2,"stat.crouchOneCm":12338,"stat.mineBlock.minecraft.chest":4,"stat.pickup.actuallyadditions.item_food":16,"stat.useItem.harvestcraft.bellpepperitem":1,"stat.pickup.minecraft.red_mushroom":5,"stat.pickup.minecraft.melon":232,"stat.pickup.chisel.concrete_gray1":9,"serpix.learn":1,"stat.pickup.silentgems.glowrose":3,"stat.craftItem.tconstruct.pattern":47,"stat.useItem.tconstruct.longsword":13,"stat.pickup.minecraft.dye":12,"stat.pickup.minecraft.planks":1,"stat.useItem.harvestcraft.lettuceitem":1,"stat.mineBlock.minecraft.gravel":105,"stat.useItem.minecraft.stone_pickaxe":57,"stat.mineBlock.minecraft.dirt":2,"stat.useItem.minecraft.bread":2,"stat.pickup.immersiveengineering.seed":2,"warg.learn":1,"ettin.learn":1,"stat.pickup.minecraft.crafting_table":2,"stat.useItem.minecraft.gravel":54,"stat.pickup.tconstruct.pickaxe":4,"stat.pickup.minecraft.redstone_block":9,"stat.pickup.minecraft.log":20,"stat.useItem.tconstruct.pickaxe":33,"stat.pickup.minecraft.sapling":4,"stat.mineBlock.chisel.concrete_lightgray":2,"arix.learn":1,"stat.pickup.harvestcraft.parsnipitem":7,"stat.craftItem.minecraft.planks":28,"stat.killEntity.primitivemobs.flame_spewer":1,"stat.useItem.harvestcraft.artichokeitem":1,"stat.pickup.minecraft.book":6,"stat.mineBlock.minecraft.log":5,"stat.killEntity.primitivemobs.lily_lurker":2,"stat.pickup.minecraft.iron_door":1,"stat.sneakTime":3210,"stat.pickup.harvestcraft.tealeafitem":1,"stat.mineBlock.minecraft.cobblestone_wall":1,"stat.pickup.minecraft.stone_slab":2,"frostweaver.learn":1,"stat.pickup.minecraft.chest":4,"stat.drop.conarm.book":1,"stat.useItem.tconstruct.mattock":3,"stat.pickup.minecraft.stone_pickaxe":3,"stat.pickup.minecraft.flint":8,"stat.mineBlock.minecraft.stained_glass_pane":6,"stat.swimOneCm":14952,"stat.climbOneCm":12241,"stat.pickup.harvestcraft.artichokeitem":3,"stat.useItem.minecraft.stone_slab2":7,"stat.useItem.harvestcraft.barleyitem":1,"stat.useItem.harvestcraft.wintersquashitem":1,"stat.pickup.chisel.concrete_lightgray1":26,"stat.pickup.minecraft.anvil":1,"stat.pickup.minecraft.cobblestone":7,"yeti.learn":1,"stat.mineBlock.minecraft.redstone_block":3,"stat.flyOneCm":414123,"stat.mineBlock.minecraft.iron_ore":17,"stat.timeSinceDeath":20279,"stat.useItem.harvestcraft.peanutitem":1,"stat.pickup.actuallyadditions.item_rice_seed":28,"stat.useItem.minecraft.potato":1,"stat.useItem.harvestcraft.cornitem":1,"geonach.learn":2,"stat.pickup.inventorypets.pig_pet":1,"stat.mineBlock.chisel.concrete_lightgray1":10,"stat.mineBlock.minecraft.coal_ore":2,"stat.pickup.minecraft.string":6,"stat.craftItem.minecraft.stone_slab2":3,"stat.craftItem.tconstruct.tooltables":4,"stat.killEntity.Squid":2,"stat.sprintOneCm":247027,"stat.pickup.actuallyadditions.item_misc":11,"stat.mineBlock.minecraft.stone_slab":1,"ghoulzombie.learn":1,"stat.useItem.harvestcraft.cottonitem":1,"stat.pickup.harvestcraft.barleyitem":2,"stat.mineBlock.minecraft.crafting_table":2,"stat.mineBlock.minecraft.quartz_block":24,"arisaur.learn":1,"stat.useItem.minecraft.carrot":1,"stat.useItem.minecraft.wheat":1,"stat.pickup.harvestcraft.mustardseedsitem":4,"stat.mineBlock.minecraft.planks":1,"stat.drop":7,"stat.pickup.inventorypets.nugget_obsidian":4,"stat.pickup.minecraft.slime_ball":2,"stat.pickup.minecraft.snowball":6,"stat.mineBlock.chisel.concrete_gray1":5,"stat.diveOneCm":3925,"stat.pickup.minecraft.wheat":6,"stat.pickup.minecraft.gravel":97,"stat.mineBlock.minecraft.anvil":1,"stat.drop.valkyrielib.guide":1,"stat.pickup.minecraft.stone_brick_stairs":4,"stat.pickup.harvestcraft.blackberryitem":1,"stat.jump":375,"stat.pickup.minecraft.coal":3,"stat.pickup.minecraft.gunpowder":45,"stat.pickup.harvestcraft.peanutitem":5,"stat.mineBlock.harvestcraft.shadedgarden":1,"stat.pickup.minecraft.dirt":2,"stat.mineBlock.realistictorches.torch_lit":4,"stat.pickup.harvestcraft.bellpepperitem":2,"stat.pickup.minecraft.iron_ore":20,"stat.mineBlock.minecraft.glass_pane":2,"stat.damageTaken":742,"stat.mineBlock.minecraft.furnace":4,"stat.pickup.chisel.concrete_lightgray":10,"stat.useItem.harvestcraft.mustardseedsitem":1,"xaphan.learn":1,"stat.pickup.minecraft.reeds":25,"stat.pickup.minecraft.quartz_block":24,"stat.pickup.minecraft.potato":5,"stat.useItem.chisel.concrete_lightgray1":1,"stat.damageDealt":1973,"stat.pickup.harvestcraft.lettuceitem":4,"stat.useItem.harvestcraft.onionitem":1,"geonach.kill":2,"stat.walkOneCm":427848,"stat.useItem.minecraft.chest":1,"stat.pickup.minecraft.stick":60,"stat.drop.actuallyadditions.item_misc":1,"stat.useItem.minecraft.melon":1,"stat.pickup.harvestcraft.spiceleafitem":1,"stat.pickup.minecraft.stone":13,"stat.mineBlock.minecraft.stonebrick":1,"stat.useItem.harvestcraft.parsnipitem":1,"stat.mobKills":9,"stat.mineBlock.minecraft.bookshelf":2,"stat.pickup.minecraft.quartz":7,"stat.mineBlock.minecraft.leaves":1,"eechetik.learn":1,"stat.drop.tconstruct.book":1}