{"stat.pickup.minecraft.sand":2,"stat.walkOneCm":51261,"stat.pickup.immersiveengineering.seed":1,"stat.pickup.silentgems.glowrose":1,"stat.leaveGame":1,"stat.damageTaken":98,"stat.mineBlock.sgextraparts.rock":1,"stat.mineBlock.biomesoplenty.plant_1":1,"stat.pickup.biomesoplenty.plant_1":1,"stat.flyOneCm":39870,"stat.jump":137,"stat.swimOneCm":379,"stat.useItem.minecraft.sand":1,"stat.playOneMinute":4051,"stat.fallOneCm":5089,"stat.sneakTime":72,"stat.pickup.silentgems.fluffypuffseeds":1,"stat.damageDealt":20,"stat.crouchOneCm":268,"stat.timeSinceDeath":4051,"stat.mineBlock.silentgems.glowrose":1,"stat.pickup.sgextraparts.genericitem":1,"stat.sprintOneCm":68117,"stat.useItem.minecraft.stone_slab2":3}