{"stat.chestOpened":2,"stat.pickup.tconstruct.tooltables":1,"stat.drop.conarm.book":1,"stat.leaveGame":6,"stat.pickup.dynamictreesbop.ebonyseed":1,"stat.drop.valkyrielib.guide":1,"stat.useItem.actuallyadditions.item_food":1,"stat.craftItem.biomesoplenty.planks_0":16,"stat.jump":231,"stat.swimOneCm":8965,"stat.fallOneCm":8209,"stat.climbOneCm":1324,"stat.pickup.minecraft.gunpowder":1,"stat.crouchOneCm":1132,"stat.pickup.actuallyadditions.item_food":1,"stat.useItem.minecraft.stone_slab2":2,"stat.pickup.actuallyadditions.item_coffee_seed":2,"stat.mineBlock.tconstruct.tooltables":1,"stat.mineBlock.biomesoplenty.plant_1":1,"stat.mineBlock.biomesoplenty.plant_0":1,"stat.pickup.biomesoplenty.plant_1":1,"stat.killEntity.aqua_creeper":1,"stat.flyOneCm":135405,"stat.pickup.minecraft.wheat_seeds":2,"stat.mineBlock.minecraft.sand":3,"chupacabra.learn":1,"stat.damageDealt":242,"stat.timeSinceDeath":13717,"stat.pickup.actuallyadditions.item_rice_seed":1,"stat.walkOneCm":105562,"stat.pickup.immersiveengineering.seed":2,"stat.pickup.scp.paper_scrap":3,"stat.pickup.minecraft.stick":34,"stat.pickup.minecraft.wooden_axe":1,"stat.craftItem.minecraft.crafting_table":1,"stat.talkedToVillager":1,"stat.drop.openblocks.info_book":1,"stat.pickup.biomesoplenty.planks_0":1,"joust.learn":1,"stat.drop.biomesoplenty.planks_0":1,"stat.craftItem.tconstruct.tooltables":1,"stat.sprintOneCm":102591,"stat.drop.silentgems.guide_book":1,"stat.pickup.actuallyadditions.item_coffee_beans":2,"stat.craftItem.minecraft.stick":8,"stat.craftItem.minecraft.wooden_axe":1,"stat.pickup.biomesoplenty.log_3":8,"stat.useItem.biomesoplenty.planks_0":3,"stat.useItem.minecraft.carrot":2,"stat.mobKills":1,"stat.drop":6,"stat.pickup.minecraft.diamond":2,"stat.playOneMinute":13717,"stat.sneakTime":187,"stat.mineBlock.actuallyadditions.block_wild":2,"stat.pickup.natura.overworld_seeds":2,"stat.drop.tconstruct.book":1,"stat.diveOneCm":11256}