{"stat.chestOpened":1,"stat.walkOneCm":50973,"stat.pickup.harvestcraft.parsnipitem":1,"stat.useItem.nuclearcraft.reactor_door_item":1,"stat.leaveGame":1,"stat.pickup.harvestcraft.cucumberitem":1,"stat.pickup.techguns.basicore":1,"stat.useItem.nuclearcraft.fission_block":29,"stat.pickup.harvestcraft.strawberryitem":1,"stat.pickup.modernmetals.boron_ingot":1,"stat.useItem.nuclearcraft.cooler":51,"stat.drop.modernmetals.titanium_ore":1,"stat.useItem.nuclearcraft.ingot_block":38,"stat.useItem.extrautils2.itemcreativebuilderswand":18,"stat.useItem.nuclearcraft.fission_controller_new_fixed":2,"stat.useItem.nuclearcraft.isotope_separator_idle":1,"stat.pickup.modernmetals.titanium_ore":1,"stat.flyOneCm":110743,"stat.useItem.draconicevolution.creative_rf_source":7,"stat.useItem.openblocks.tank":6,"stat.drop":6,"stat.jump":125,"stat.playOneMinute":107352,"stat.climbOneCm":16,"stat.drop.modernmetals.boron_ingot":1,"stat.drop.nuclearcraft.ore":2,"stat.useItem.extrautils2.trashcanfluid":1,"stat.useItem.thermaldynamics.duct_16":3,"stat.useItem.thermaldynamics.servo":1,"maka.learn":1,"stat.drop.nuclearcraft.ingot":1,"stat.sneakTime":1389,"stat.pickup.minecraft.carrot":1,"stat.pickup.nuclearcraft.ore":2,"stat.useItem.nuclearcraft.reactor_casing_transparent":65,"stat.useItem.nuclearcraft.fusion_core":1,"stat.useItem.nuclearcraft.cell_block":66,"stat.damageDealt":10,"stat.crouchOneCm":2354,"stat.timeSinceDeath":107352,"stat.useItem.thermalfoundation.upgrade":2,"stat.sprintOneCm":10954,"stat.pickup.nuclearcraft.ingot":1,"stat.useItem.minecraft.stone_slab2":26,"stat.pickup.harvestcraft.bellpepperitem":1,"stat.drop.techguns.basicore":1}