{"stat.pickup.harvestcraft.gourmetporkburgeritem":1,"stat.useItem.plainsmobs.makameatcooked":4,"stat.pickup.draconicevolution.draconium_dust":17,"stat.pickup.iceandfire.fire_dragon_flesh":38,"stat.pickup.tconstruct.longsword":14,"stat.leaveGame":15,"darkling.kill":6,"spectre.learn":2,"stat.mineBlock.actuallyadditions.block_crystal_cluster_diamond":2,"djinn.learn":2,"stat.entityKilledBy.techguns.ZombieFarmer":1,"stat.mineBlock.minecraft.web":12,"stat.craftItem.harvestcraft.calamaricookeditem":2,"stat.pickup.modernmetals.rutile_ore":1,"stat.mineBlock.chisel.factory":1,"stat.pickup.harvestcraft.calamarirawitem":6,"kobold.learn":1,"stat.killEntity.primitivemobs.skeleton_warrior":14,"stat.craftItem.techguns.t1_miner_chestplate":1,"stat.pickup.minecraft.rotten_flesh":17,"stat.pickup.natura.materials":23,"stat.entityKilledBy.primitivemobs.rocket_creeper":1,"stat.craftItem.modernmetals.tungsten_ingot":9,"stat.pickup.enderio.item_broken_spawner":15,"stat.pickup.harvestcraft.radishitem":2,"stat.pickup.biomesoplenty.mushroom":6,"stat.pickup.modernmetals.manganese_ore":1,"stat.pickup.minecraft.brown_mushroom":4,"stat.pickup.harvestcraft.scallionitem":3,"stat.pickup.quark.tallow":9,"stat.mineBlock.openblocks.grave":10,"stat.useItem.minecraft.iron_pickaxe":100,"stat.pickup.harvestcraft.rhubarbitem":1,"stat.pickup.minecraft.double_plant":1,"stat.craftItem.minecraft.bed":2,"stat.useItem.actuallyadditions.block_giant_chest":1,"stat.pickup.harvestcraft.onionitem":7,"stat.mineBlock.minecraft.vine":1,"stat.pickup.thermalfoundation.material":46,"stat.pickup.techguns.basicore":65,"banshee.kill":3,"stat.furnaceInteraction":73,"stat.pickup.harvestcraft.cornitem":7,"stat.killEntity.ZombieVillager":1,"stat.pickup.realistictorches.torch_unlit":124,"stat.drop.openblocks.info_book":1,"xaphan.kill":1,"stat.craftItem.extrautils2.decorativesolidwood":2,"stat.pickup.chisel.concrete_white1":21,"stat.pickup.minecraft.leather_helmet":1,"stat.pickup.sgextraparts.genericitem":2,"stat.pickup.techguns.ladder0":1,"stat.pickup.biomesoplenty.flower_0":2,"stat.drop.silentgems.guide_book":1,"stat.useItem.minecraft.flint_and_steel":6,"stat.mineBlock.minecraft.fence":2,"aegis.learn":1,"stat.craftItem.shadowmobs.chupacabrameatcooked":20,"stat.pickup.minecraft.emerald":24,"stat.mineBlock.quark.crystal":1,"stat.useItem.natura.edibles":1,"stat.deaths":10,"stat.pickup.minecraft.egg":16,"geist.learn":1,"stat.pickup.techguns.t1_miner_helmet":2,"stat.pickup.freshwatermobs.silexmeatraw":4,"stat.craftItem.conarm.armorstation":2,"stat.pickup.tconstruct.mattock":10,"stat.pickup.chisel.marble2":6,"stat.craftItem.minecraft.cooked_mutton":1,"stat.craftItem.plainsmobs.makameatcooked":4,"stat.pickup.tconstruct.seared":13,"stat.chestOpened":428,"stat.pickup.minecraft.arrow":16,"stat.pickup.minecraft.iron_sword":1,"maka.kill":3,"stat.useItem.actuallyadditions.item_food":15,"afrit.learn":1,"geist.kill":2,"stat.pickup.minecraft.carrot":6,"stat.crouchOneCm":36343,"stat.mineBlock.minecraft.chest":4,"stat.pickup.actuallyadditions.item_food":57,"ent.learn":1,"stat.pickup.chisel.concrete_gray1":9,"stat.pickup.natura.edibles":1,"stat.craftItem.tconstruct.pattern":53,"stat.useItem.tconstruct.longsword":73,"stat.mineBlock.randomthings.beanpod":1,"stat.pickup.immersiveengineering.stone_decoration":16,"stat.mineBlock.biomesoplenty.plant_0":2,"stat.pickup.minecraft.dye":57,"stat.pickup.minecraft.planks":8,"chupacabra.kill":22,"stat.useItem.harvestcraft.lettuceitem":1,"stat.pickup.biomesoplenty.plant_1":8,"stat.pickup.chisel.limestone2":10,"stat.pickup.minecraft.wheat_seeds":12,"stat.pickup.enderio.item_material":2,"stat.pickup.techguns.t1_miner_chestplate":4,"stat.mineBlock.biomesoplenty.gem_ore":14,"stat.useItem.randomthings.ingredient":1,"stat.pickup.darkutils.material":1,"djinn.kill":2,"stat.mineBlock.minecraft.dirt":6,"stat.pickup.biomesoplenty.persimmon":1,"stat.pickup.dynamictreesbop.mapleseed":4,"stat.useItem.minecraft.bread":2,"stat.pickup.immersiveengineering.seed":2,"stat.killEntity.primitivemobs.bewitched_tome":2,"warg.learn":1,"stat.useItem.minecraft.cobblestone":24,"stat.mineBlock.draconicevolution.draconium_ore":4,"stat.useItem.minecraft.gravel":56,"stat.pickup.tconstruct.pickaxe":10,"stat.pickup.nuclearcraft.glowing_mushroom":30,"abaia.learn":1,"stat.pickup.minecraft.iron_pickaxe":1,"stat.useItem.tconstruct.pickaxe":659,"stat.craftItem.realistictorches.torch_unlit":28,"stat.mineBlock.chisel.concrete_lightgray":3,"stat.pickup.minecraft.apple":12,"arix.learn":1,"stat.useItem.nuclearcraft.dominos":1,"stat.craftItem.minecraft.bucket":2,"stat.craftItem.minecraft.planks":48,"stat.craftItem.arcticmobs.yetimeatcooked":1,"stat.useItem.harvestcraft.artichokeitem":1,"stat.pickup.iceandfire.dragonscales_green":79,"stat.pickup.biomesoplenty.berries":2,"stat.pickup.minecraft.book":9,"stat.mineBlock.minecraft.log":34,"stat.pickup.iceandfire.dragonbone":99,"stat.killEntity.primitivemobs.lily_lurker":2,"stat.pickup.minecraft.iron_door":1,"stat.pickup.minecraft.red_flower":16,"stat.pickup.minecraft.wool":1,"ent.kill":3,"frostweaver.learn":1,"stat.useItem.harvestcraft.bbqplatteritem":1,"stat.craftItem.minecraft.cooked_rabbit":2,"stat.mineBlock.actuallyadditions.block_crystal_cluster_coal":1,"stat.mineBlock.minecraft.cobblestone":1,"stat.craftItem.tconstruct.edible":12,"stat.useItem.tconstruct.mattock":278,"stat.pickup.minecraft.stone_pickaxe":4,"stat.pickup.minecraft.flint":51,"stat.craftItem.minecraft.wool":3,"stat.mineBlock.appliedenergistics2.quartz_ore":7,"stat.mineBlock.minecraft.stained_glass_pane":12,"stat.pickup.immersiveengineering.metal_decoration1":6,"tremor.learn":1,"stat.pickup.minecraft.enchanted_book":2,"stat.mineBlock.actuallyadditions.block_crystal":1,"grue.learn":2,"stat.useItem.harvestcraft.tomatoitem":1,"stat.useItem.minecraft.stone_slab2":62,"stat.pickup.actuallyadditions.block_giant_chest":2,"stat.pickup.minecraft.iron_boots":2,"stat.useItem.harvestcraft.wintersquashitem":1,"stat.pickup.thermalfoundation.ore":49,"stat.pickup.chisel.concrete_lightgray1":88,"stat.useItem.minecraft.egg":2,"stat.pickup.quark.black_ash":4,"stat.pickup.immersivepetroleum.stone_decoration":6,"stat.mineBlock.minecraft.clay":46,"stat.pickup.silentgems.food":1,"stat.flyOneCm":1559367,"stat.pickup.actuallyadditions.item_booklet":1,"stat.pickup.shadowmobs.chupacabrameatraw":62,"stat.mineBlock.immersiveengineering.metal_decoration1":1,"wraamon.kill":3,"stat.timeSinceDeath":3351,"kobold.kill":1,"stat.useItem.harvestcraft.mcpamitem":1,"stat.useItem.minecraft.potato":1,"stat.pickup.actuallyadditions.block_crystal":1,"geonach.learn":2,"stat.craftItem.tconstruct.seared":32,"stat.pickup.inventorypets.pig_pet":1,"stat.pickup.arcticmobs.frostyfur":3,"cinder.learn":1,"stat.mineBlock.minecraft.coal_ore":204,"stat.talkedToVillager":3,"stat.pickup.minecraft.string":80,"grue.kill":4,"stat.pickup.actuallyadditions.item_crystal_shard":19,"stat.pickup.techguns.t1_scout_helmet":1,"stat.useItem.chisel.concrete_lightgray":10,"stat.mineBlock.realistictorches.torch_unlit":14,"stat.craftItem.tconstruct.tooltables":8,"stat.killEntity.Squid":2,"stat.sprintOneCm":1159111,"stat.mineBlock.biomesoplenty.flower_1":1,"stat.craftItem.extrautils2.bagofholding":2,"stat.mineBlock.minecraft.stone_slab":1,"ghoulzombie.learn":1,"stat.pickup.minecraft.bone_block":12,"stat.useItem.harvestcraft.cottonitem":1,"stat.mineBlock.minecraft.diamond_ore":34,"arisaur.learn":1,"stat.useItem.actuallyadditions.item_coffee_beans":1,"wraamon.learn":1,"stat.pickup.harvestcraft.mustardseedsitem":5,"stat.useItem.harvestcraft.randomtacoitem":1,"stat.useItem.harvestcraft.zucchiniitem":1,"stat.killEntity.Zombie":8,"stat.pickup.minecraft.snowball":21,"stat.useItem.harvestcraft.gourmetporkburgeritem":1,"stat.mineBlock.minecraft.gold_ore":57,"stat.diveOneCm":49206,"stat.pickup.minecraft.wheat":13,"stat.pickup.tconstruct.tooltables":15,"stat.pickup.iceandfire.dragonscales_bronze":315,"stat.pickup.minecraft.obsidian":9,"stat.pickup.matteroverdrive.tritanium_ore":1,"stat.jump":1959,"stat.pickup.minecraft.coal":252,"stat.pickup.minecraft.iron_ingot":23,"stat.pickup.tconstruct.seared_tank":2,"stat.pickup.minecraft.gunpowder":81,"stat.pickup.minecraft.dirt":63,"stat.mineBlock.realistictorches.torch_lit":4,"stat.useItem.arcticmobs.yetimeatcooked":8,"stat.pickup.nuclearcraft.geiger_counter":64,"stat.pickup.iceandfire.fire_dragon_heart":8,"stat.pickup.minecraft.gold_ore":64,"stat.mineBlock.minecraft.lapis_ore":6,"stat.pickup.actuallyadditions.item_flax_seed":2,"stat.pickup.minecraft.iron_axe":2,"stat.pickup.chisel.technical":10,"stat.mineBlock.minecraft.glass_pane":2,"stat.mineBlock.nuclearcraft.glowing_mushroom":15,"stat.damageTaken":5956,"stat.craftItem.basemetals.lead_ingot":18,"stat.useItem.harvestcraft.radishitem":1,"stat.pickup.minecraft.magma_cream":3,"xaphan.learn":1,"stat.pickup.forestmobs.arisaurmeatraw":2,"stat.pickup.techguns.concrete":1,"stat.pickup.minecraft.quartz_block":24,"stat.pickup.minecraft.potato":5,"stat.useItem.chisel.concrete_lightgray1":48,"stat.pickup.harvestcraft.lettuceitem":5,"stat.pickup.harvestcraft.oatsitem":1,"stat.pickup.minecraft.record_wait":3,"stat.useItem.harvestcraft.onionitem":1,"stat.useItem.silentgems.food":1,"geonach.kill":13,"stat.pickup.techguns.itemshared":4,"stat.useItem.immersiveengineering.storage":1,"stat.useItem.minecraft.chest":9,"stat.craftItem.tconstruct.smeltery_io":1,"stat.pickup.chisel.factory":1,"stat.drop.actuallyadditions.item_misc":1,"stat.useItem.tconstruct.faucet":1,"stat.useItem.minecraft.melon":1,"stat.pickup.harvestcraft.spiceleafitem":3,"stat.useItem.harvestcraft.scallionitem":1,"stat.pickup.minecraft.baked_potato":90,"stat.pickup.scalinghealth.heartcontainer":2,"stat.pickup.minecraft.ender_pearl":43,"stat.pickup.actuallyadditions.item_coffee_beans":5,"stat.pickup.biomesoplenty.gem":15,"stat.craftItem.minecraft.bookshelf":2,"stat.craftItem.techguns.itemshared":8,"stat.mineBlock.minecraft.stonebrick":1,"stat.useItem.harvestcraft.parsnipitem":1,"stat.mobKills":175,"stat.mineBlock.minecraft.bookshelf":2,"stat.mineBlock.basemetals.lead_ore":11,"stat.pickup.nuclearcraft.radaway":1,"stat.pickup.minecraft.diamond":43,"eechetik.learn":1,"phantom.kill":1,"stat.pickup.harvestcraft.beetitem":1,"stat.mineBlock.tconstruct.seared_tank":2,"stat.useItem.harvestcraft.rhubarbitem":1,"stat.mineBlock.modernmetals.tungsten_ore":14,"stat.pickup.natura.overworld_logs2":44,"stat.mineBlock.modernmetals.plutonium_ore":3,"stat.mineBlock.basemetals.copper_ore":1,"stat.pickup.infernomobs.scorchfirecharge":1,"phantom.learn":1,"stat.drop.minecraft.skull":1,"stat.mineBlock.immersiveengineering.ore":33,"stat.pickup.minecraft.porkchop":5,"stat.pickup.minecraft.blaze_powder":8,"stat.pickup.tconstruct.slimesling":6,"stat.mineBlock.actuallyadditions.block_crystal_cluster_lapis":1,"stat.pickup.modernmetals.beryllium_ore":1,"stat.mineBlock.minecraft.red_mushroom":5,"stat.useItem.harvestcraft.calamarirawitem":1,"stat.pickup.minecraft.sand":147,"darkling.learn":2,"stat.killEntity.primitivemobs.festive_creeper":2,"stat.entityKilledBy.primitivemobs.skeleton_warrior":1,"stat.useItem.dynamictreesbop.mapleseed":1,"stat.pickup.harvestcraft.wintersquashitem":5,"stat.craftItem.tconstruct.casting":2,"stat.pickup.dynamictrees.spruceseed":6,"stat.pickup.minecraft.chainmail_chestplate":1,"stat.mineBlock.minecraft.sand":211,"stat.killEntity.techguns.ZombieFarmer":7,"stat.craftItem.minecraft.cooked_fish":3,"stat.pickup.tconstruct.slime_sapling":4,"stat.pickup.minecraft.packed_ice":7,"stat.pickup.elementalmobs.chaosorbcharge":1,"stat.mineBlock.actuallyadditions.block_crystal_cluster_redstone":1,"stat.craftItem.spiceoflife.lunchbox":2,"stat.pickup.bhc.red_heart":14,"stat.pickup.iceandfire.dragon_skull":8,"stat.useItem.harvestcraft.leekitem":1,"stat.pickup.actuallyadditions.item_solidified_experience":15,"stat.pickup.quark.crystal":14,"stat.useItem.realistictorches.torch_unlit":40,"stat.pickup.minecraft.furnace":5,"stat.useItem.minecraft.cooked_mutton":1,"stat.craftItem.minecraft.ender_pearl":4,"stat.mineBlock.harvestcraft.windygarden":4,"stat.drop.nuclearcraft.radaway":1,"stat.pickup.minecraft.iron_chestplate":4,"stat.pickup.minecraft.skull":13,"stat.useItem.harvestcraft.blackberryitem":1,"yeti.kill":8,"afrit.kill":1,"banshee.learn":1,"stat.pickup.tconstruct.slime_dirt":172,"stat.useItem.harvestcraft.paradiseburgeritem":1,"stat.pickup.minecraft.fermented_spider_eye":2,"stat.mineBlock.actuallyadditions.block_giant_chest":2,"stat.pickup.shadowmobs.spectralboltcharge":5,"stat.craftItem.minecraft.heavy_weighted_pressure_plate":4,"stat.mineBlock.modernmetals.uranium_ore":5,"stat.playOneMinute":395510,"stat.pickup.minecraft.blaze_rod":6,"stat.pickup.nuclearcraft.dust":27,"stat.mineBlock.actuallyadditions.block_wild":21,"stat.pickup.natura.overworld_seeds":13,"stat.pickup.minecraft.iron_bars":1,"stat.pickup.harvestcraft.cottonitem":9,"stat.pickup.harvestcraft.tomatoitem":2,"stat.mineBlock.conarm.armorstation":2,"stat.pickup.appliedenergistics2.grindstone":1,"stat.pickup.minecraft.waterlily":4,"stat.mineBlock.appliedenergistics2.charged_quartz_ore":1,"stat.pickup.shadowmobs.darklingskull":1,"stat.useItem.harvestcraft.hamsweetpicklesandwichitem":1,"maug.learn":1,"stat.craftItem.appliedenergistics2.grindstone":2,"stat.fallOneCm":85691,"stat.pickup.nuclearcraft.ore":8,"stat.craftItem.tconstruct.toolforge":2,"stat.craftItem.minecraft.chest":32,"stat.useItem.harvestcraft.bellpepperitem":1,"stat.pickup.minecraft.red_mushroom":5,"stat.pickup.minecraft.melon":232,"serpix.learn":1,"stat.pickup.silentgems.glowrose":3,"stat.pickup.shadowmobs.geistliver":7,"stat.mineBlock.nuclearcraft.ore":9,"arix.kill":2,"stat.pickup.minecraft.feather":7,"stat.killEntity.techguns.ZombieMiner":10,"stat.useItem.minecraft.furnace":4,"stat.craftItem.tconstruct.materials":30,"stat.pickup.nuclearcraft.gem":111,"stat.mineBlock.natura.overworld_logs2":39,"stat.pickup.randomthings.ingredient":1,"tremor.kill":2,"stat.mineBlock.minecraft.gravel":505,"stat.useItem.minecraft.stone_pickaxe":57,"stat.craftItem.tconstruct.seared_tank":1,"maka.learn":1,"stat.killEntity.primitivemobs.baby_spider":25,"arisaur.kill":1,"stat.pickup.minecraft.chainmail_boots":2,"stat.pickup.minecraft.flint_and_steel":6,"stat.pickup.actuallyadditions.item_jam":14,"stat.useItem.harvestcraft.spiceleafitem":1,"ettin.learn":1,"stat.pickup.minecraft.crafting_table":2,"stat.mineBlock.techguns.basicore":15,"stat.craftItem.minecraft.crafting_table":2,"stat.mineBlock.quark.stone_speleothem":1,"stat.mineBlock.minecraft.emerald_ore":22,"stat.pickup.minecraft.redstone_block":9,"stat.pickup.minecraft.log":84,"stat.useItem.minecraft.cooked_fish":3,"salamander.learn":1,"stat.pickup.minecraft.sapling":25,"stat.craftItem.tconstruct.smeltery_controller":2,"stat.pickup.harvestcraft.parsnipitem":7,"stat.pickup.silentgems.gem":1,"stat.killEntity.primitivemobs.flame_spewer":1,"stat.mineBlock.tconstruct.toolforge":1,"stat.killEntity.WitherSkeleton":2,"stat.pickup.harvestcraft.rutabagaitem":1,"stat.pickup.natura.overworld_sapling2":7,"stat.pickup.tconstruct.slime_boots":4,"stat.sneakTime":16724,"stat.pickup.harvestcraft.tealeafitem":4,"stat.mineBlock.minecraft.cobblestone_wall":1,"stat.pickup.minecraft.rabbit":5,"stat.useItem.minecraft.baked_potato":6,"stat.pickup.minecraft.stone_slab":2,"stat.pickup.minecraft.chest":7,"stat.pickup.minecraft.bone":15,"stat.craftItem.nuclearcraft.decay_generator":2,"stat.pickup.chisel.concrete_white":2,"stat.drop.conarm.book":1,"stat.craftItem.tconstruct.faucet":2,"stat.useItem.harvestcraft.tealeafitem":1,"stat.mineBlock.actuallyadditions.block_misc":13,"stat.mineBlock.minecraft.brown_mushroom":1,"stat.craftItem.tconstruct.slimesling":2,"stat.swimOneCm":79642,"stat.climbOneCm":293507,"stat.pickup.harvestcraft.artichokeitem":3,"stat.craftItem.appliedenergistics2.crank":2,"stat.useItem.harvestcraft.barleyitem":1,"vapula.kill":1,"stat.killEntity.primitivemobs.mother_spider":3,"stat.pickup.plainsmobs.makameatraw":26,"stat.pickup.minecraft.anvil":1,"stat.mineBlock.sgextraparts.rock":1,"stat.pickup.minecraft.cobblestone":153,"yeti.learn":2,"stat.pickup.quark.biome_cobblestone":4,"stat.mineBlock.minecraft.redstone_block":3,"stat.pickup.minecraft.soul_sand":9,"stat.pickup.minecraft.glass_bottle":6,"stat.pickup.appliedenergistics2.material":16,"stat.craftItem.basemetals.steel_blend":16,"stat.pickup.harvestcraft.leekitem":3,"stat.ae2.TurnedCranks":40,"stat.pickup.minecraft.redstone":94,"stat.mineBlock.minecraft.iron_ore":90,"stat.craftItem.actuallyadditions.item_food":12,"stat.useItem.harvestcraft.peanutitem":3,"stat.pickup.minecraft.mutton":1,"stat.pickup.actuallyadditions.item_rice_seed":47,"stat.killEntity.techguns.SkeletonSoldier":1,"stat.useItem.harvestcraft.cornitem":1,"stat.useItem.nuclearcraft.radaway":4,"stat.mineBlock.thermalfoundation.ore":25,"stat.pickup.minecraft.iron_shovel":6,"stat.mineBlock.chisel.concrete_lightgray1":26,"stat.craftItem.tconstruct.soil":216,"stat.pickup.tconstruct.smeltery_controller":1,"stat.craftItem.tconstruct.slime_boots":2,"stat.craftItem.minecraft.stone_slab2":5,"vapula.learn":1,"stat.pickup.actuallyadditions.item_misc":22,"stat.mineBlock.mekanism.oreblock":33,"stat.pickup.arcticmobs.yetimeatraw":31,"stat.craftItem.minecraft.gold_nugget":9,"stat.pickup.harvestcraft.barleyitem":2,"stat.mineBlock.minecraft.crafting_table":2,"stat.mineBlock.minecraft.quartz_block":24,"stat.useItem.minecraft.carrot":1,"stat.useItem.minecraft.wheat":1,"stat.mineBlock.minecraft.planks":3,"stat.drop":8,"stat.craftItem.actuallyadditions.item_misc":12,"stat.pickup.inventorypets.nugget_obsidian":4,"stat.killEntity.Sheep":1,"stat.useItem.tconstruct.seared":37,"stat.pickup.minecraft.slime_ball":3,"stat.craftItem.forestmobs.arisaurmeatcooked":2,"stat.mineBlock.chisel.concrete_gray1":5,"stat.craftItem.minecraft.clay":46,"stat.pickup.mekanism.basicblock":1,"stat.pickup.tconstruct.toolforge":1,"stat.pickup.minecraft.gravel":495,"stat.mineBlock.actuallyadditions.block_crystal_cluster_emerald":1,"stat.mineBlock.minecraft.anvil":1,"stat.mineBlock.tconstruct.smeltery_controller":1,"stat.drop.valkyrielib.guide":1,"stat.useItem.minecraft.apple":1,"stat.useItem.harvestcraft.deluxenachoesitem":1,"stat.mineBlock.tconstruct.slime_dirt":172,"stat.pickup.minecraft.stone_brick_stairs":9,"stat.pickup.harvestcraft.blackberryitem":3,"stat.pickup.minecraft.fence":5,"stat.pickup.minecraft.iron_helmet":2,"stat.useItem.dynamictrees.spruceseed":1,"stat.pickup.randomthings.beans":9,"stat.pickup.shadowmobs.chupacabrameatcooked":85,"stat.pickup.harvestcraft.peanutitem":7,"stat.mineBlock.harvestcraft.shadedgarden":5,"stat.pickup.minecraft.spider_eye":26,"stat.killEntity.primitivemobs.goblin":2,"stat.pickup.harvestcraft.bellpepperitem":2,"stat.pickup.actuallyadditions.block_misc":13,"stat.mineBlock.harvestcraft.frostgarden":1,"stat.pickup.minecraft.iron_ore":111,"stat.pickup.tconstruct.slime_congealed":18,"stat.pickup.extrautils2.bagofholding":3,"stat.craftItem.minecraft.flint_and_steel":1,"stat.pickup.conarm.armorstation":2,"stat.pickup.actuallyadditions.item_coffee_seed":3,"stat.mineBlock.tconstruct.tooltables":15,"stat.pickup.minecraft.leather":68,"stat.mineBlock.minecraft.furnace":5,"stat.pickup.modernmetals.tungsten_ore":14,"stat.pickup.modernmetals.plutonium_ore":3,"stat.pickup.matteroverdrive.dilithium_crystal":5,"stat.pickup.chisel.concrete_lightgray":29,"stat.useItem.harvestcraft.mustardseedsitem":1,"stat.pickup.minecraft.reeds":29,"stat.killEntity.CaveSpider":5,"stat.pickup.nuclearcraft.decay_generator":1,"stat.pickup.thermalfoundation.storage_alloy":6,"chupacabra.learn":2,"stat.damageDealt":47636,"stat.craftItem.minecraft.glass":7,"stat.sleepInBed":2,"stat.craftItem.minecraft.baked_potato":15,"stat.pickup.actuallyadditions.item_canola_seed":4,"stat.walkOneCm":1533081,"stat.pickup.arcticmobs.yetimeatcooked":89,"stat.pickup.minecraft.stick":106,"stat.mineBlock.matteroverdrive.dilithium_ore":5,"stat.pickup.minecraft.clay_ball":184,"stat.pickup.mekanism.oreblock":33,"stat.pickup.techguns.t1_miner_boots":1,"stat.mineBlock.immersiveengineering.storage":7,"stat.pickup.immersiveengineering.storage":1,"stat.useItem.scalinghealth.heartcontainer":2,"stat.pickup.minecraft.tnt":1,"stat.pickup.minecraft.stone":131,"stat.pickup.harvestcraft.zucchiniitem":2,"stat.pickup.minecraft.chorus_fruit":17,"stat.pickup.minecraft.gold_ingot":31,"stat.killEntity.Skeleton":1,"stat.useItem.shadowmobs.chupacabrameatcooked":7,"stat.pickup.minecraft.quartz":55,"stat.pickup.iceandfire.dragonegg_gray":3,"cinder.kill":1,"stat.mineBlock.minecraft.leaves":1,"stat.mineBlock.tconstruct.seared":13,"stat.mineBlock.minecraft.redstone_ore":14,"stat.mineBlock.nuclearcraft.decay_generator":1,"spectre.kill":3,"stat.craftItem.randomthings.beans":2,"stat.mineBlock.immersiveengineering.stone_decoration":15,"stat.drop.tconstruct.book":1,"stat.mineBlock.minecraft.stone":22}