{"stat.chestOpened":5,"stat.useItem.techguns.simplemachine":1,"stat.walkOneCm":257333,"stat.useItem.actuallyadditions.block_giant_chest":12,"stat.useItem.chisel.concrete_white1":11,"stat.useItem.techguns.neonlights":1,"stat.useItem.silentgems.chaosaltar":8,"stat.useItem.techguns.basicmachine":3,"stat.useItem.minecraft.quartz_stairs":1,"stat.leaveGame":2,"stat.useItem.natura.redwood_logs":59,"stat.useItem.matteroverdrive.microwave":3,"stat.useItem.techguns.multiblockmachine":19,"stat.useItem.natura.redwood_pressure_plate":1,"stat.useItem.silentgems.materialgrader":4,"stat.useItem.minecraft.armor_stand":2,"stat.useItem.immersiveengineering.metal_decoration1_slab":13,"stat.useItem.appliedenergistics2.sky_stone_chest":4,"stat.useItem.matteroverdrive.android_station":2,"stat.useItem.tconstruct.faucet":6,"stat.useItem.silentgems.chaosnode":1,"stat.useItem.immersiveengineering.metal_decoration1":12,"stat.useItem.immersiveengineering.metal_ladder":3,"stat.useItem.rftools.screen_controller":2,"stat.jump":288,"stat.swimOneCm":2519,"stat.useItem.natura.redwood_leaves":3,"stat.pickup.extrautils2.itemcreativebuilderswand":2,"stat.climbOneCm":2463,"stat.useItem.malisisdoors.sliding_trapdoor":1,"stat.useItem.tconstruct.fancy_frame":7,"stat.useItem.actuallyadditions.block_display_stand":1,"stat.useItem.powersuits.tinkertable":1,"stat.crouchOneCm":9956,"stat.useItem.draconicevolution.dislocator_pedestal":3,"stat.useItem.thermalfoundation.upgrade":4,"stat.sprintOneCm":83547,"stat.useItem.minecraft.stone_slab2":482,"stat.useItem.chisel.quartz1":673,"stat.useItem.actuallyadditions.block_giant_chest_large":1,"stat.useItem.techguns.item_door3x3":1,"stat.pickup.minecraft.ladder":1,"stat.useItem.chisel.concrete_white":108,"stat.useItem.chisel.concrete_black1":210,"stat.useItem.chisel.quartz":4,"stat.drop.chisel.concrete_lightgray1":1,"stat.useItem.tconstruct.seared_glass":40,"stat.pickup.chisel.concrete_lightgray1":1,"stat.useItem.techguns.military_crate":14,"stat.useItem.tconstruct.casting":7,"stat.useItem.matteroverdrive.tritanium_crate_black":6,"stat.useItem.draconicevolution.draconium_chest":3,"stat.useItem.chisel.concrete_gray":47,"stat.useItem.conarm.armorforge":1,"stat.useItem.extrautils2.itemcreativebuilderswand":215,"stat.useItem.actuallyadditions.block_empowerer":2,"stat.useItem.tconstruct.seared_tank":5,"stat.useItem.rftools.screen":1,"stat.useItem.rftools.elevator":2,"stat.useItem.rftools.elevator_button_module":1,"stat.flyOneCm":335393,"stat.useItem.natura.overworld_doors":1,"stat.useItem.tconstruct.smeltery_io":4,"stat.drop":1,"stat.useItem.matteroverdrive.holo_sign":8,"stat.playOneMinute":118759,"stat.useItem.draconicevolution.diss_enchanter":1,"stat.useItem.reccomplex.generic_solid":45,"stat.useItem.chisel.concrete_lightgray1":766,"stat.useItem.matteroverdrive.weapon_station":2,"stat.useItem.immersiveengineering.wooden_device0":2,"stat.useItem.minecraft.ladder":1,"stat.useItem.chisel.factory":8,"maka.learn":1,"stat.useItem.tconstruct.seared":62,"stat.sneakTime":3859,"stat.useItem.chisel.concrete_black":408,"stat.useItem.draconicevolution.energy_infuser":4,"stat.useItem.matteroverdrive.charging_station":2,"stat.useItem.malisisdoors.iron_sliding_door":2,"stat.useItem.basemetals.obsidian_stairs":8,"stat.timeSinceDeath":118759,"stat.useItem.chisel.factory1":23,"stat.useItem.enderio.block_painted_pressure_plate":7,"stat.useItem.tconstruct.toolforge":1,"stat.useItem.tconstruct.smeltery_controller":3,"stat.diveOneCm":444}